Key,Designation,Name,Teams,League,Category,Side,Points,BO dec_odds,PB Decimal Odds,DK Decimal Odds,BO Odds,PB American Odds,DK American Odds,Odds Ratio,Best Deal
s;0;m,,,CIN(away) vs WAS(home),MLB,Moneyline,home,,1.85,1.0601,1.05714286,-118,-1664,-1750,1.7499999952702705,BetOnline
s;0;m,,,CIN(away) vs WAS(home),MLB,Moneyline,home,,1.85,1.0601,1.81967214,-118,-1664,-122,1.7451183850580134,PointsBet
s;0;m,,,CIN(away) vs WAS(home),MLB,Moneyline,home,,1.85,1.8,1.05714286,-118,-125,-1750,1.7499999952702705,DraftKings
s;0;m,,,CIN(away) vs WAS(home),MLB,Moneyline,home,,1.85,1.8,1.81967214,-118,-125,-122,1.027777777777778,BetOnline
s;0;m,,,CIN(away) vs WAS(home),MLB,Moneyline,away,,2.08,9.5,9.5,108,850,850,4.5673076923076925,BetOnline
s;0;m,,,CIN(away) vs WAS(home),MLB,Moneyline,away,,2.08,9.5,2.02,108,850,102,4.702970297029703,PointsBet
s;0;m,,,CIN(away) vs WAS(home),MLB,Moneyline,away,,2.08,2.05,9.5,108,105,850,4.634146341463415,DraftKings
s;0;m,,,CIN(away) vs WAS(home),MLB,Moneyline,away,,2.08,2.05,2.02,108,105,102,1.0297029702970297,DraftKings
s;0;m,,,BAL(away) vs TEX(home),MLB,Moneyline,home,,1.98,26.0,31.0,-102,2500,3000,15.656565656565657,BetOnline
s;0;m,,,BAL(away) vs TEX(home),MLB,Moneyline,home,,1.98,1.9091,31.0,-102,-110,3000,16.23801791420041,DraftKings
s;0;m,,,BAL(away) vs TEX(home),MLB,Moneyline,away,,1.93,1.008,1.005,-108,-12500,-20000,1.920398009950249,BetOnline
s;0;m,,,BAL(away) vs TEX(home),MLB,Moneyline,away,,1.93,1.9091,1.005,-108,-110,-20000,1.920398009950249,DraftKings
s;0;m,,,MIL(away) vs MIN(home),MLB,Moneyline,home,,1.65,3.2,3.3,-155,220,230,2.0,BetOnline
s;0;m,,,MIL(away) vs MIN(home),MLB,Moneyline,home,,1.65,3.2,1.61728396,-155,220,-162,1.9786259427194222,PointsBet
s;0;m,,,MIL(away) vs MIN(home),MLB,Moneyline,home,,1.65,1.625,3.3,-155,-160,230,2.0307692307692307,DraftKings
s;0;m,,,MIL(away) vs MIN(home),MLB,Moneyline,home,,1.65,1.625,1.61728396,-155,-160,-162,1.020229001714702,BetOnline
s;0;m,,,MIL(away) vs MIN(home),MLB,Moneyline,away,,2.42,1.3334,1.31746032,142,-300,-315,1.836867466338569,BetOnline
s;0;m,,,MIL(away) vs MIN(home),MLB,Moneyline,away,,2.42,1.3334,2.36,142,-300,136,1.8149092545372731,PointsBet
s;0;m,,,MIL(away) vs MIN(home),MLB,Moneyline,away,,2.42,2.3,1.31746032,142,130,-315,1.836867466338569,DraftKings
s;0;m,,,MIL(away) vs MIN(home),MLB,Moneyline,away,,2.42,2.3,2.36,142,130,136,1.0521739130434784,BetOnline
s;0;m,,,ARI(away) vs CHC(home),MLB,Moneyline,home,,1.81,11.0,11.0,-124,1000,1000,6.077348066298343,BetOnline
s;0;m,,,ARI(away) vs CHC(home),MLB,Moneyline,home,,1.81,11.0,1.76923077,-124,1000,-130,6.2173913016446125,PointsBet
s;0;m,,,ARI(away) vs CHC(home),MLB,Moneyline,home,,1.81,1.7693,11.0,-124,-130,1000,6.217148024642514,DraftKings
s;0;m,,,ARI(away) vs CHC(home),MLB,Moneyline,home,,1.81,1.7693,1.76923077,-124,-130,-130,1.023043477816068,BetOnline
s;0;m,,,ARI(away) vs CHC(home),MLB,Moneyline,away,,2.14,1.05,1.04761905,114,-2000,-2100,2.042727268084711,BetOnline
s;0;m,,,ARI(away) vs CHC(home),MLB,Moneyline,away,,2.14,1.05,2.1,114,-2000,110,2.038095238095238,PointsBet
s;0;m,,,ARI(away) vs CHC(home),MLB,Moneyline,away,,2.14,2.1,1.04761905,114,110,-2100,2.042727268084711,DraftKings
s;0;m,,,ARI(away) vs CHC(home),MLB,Moneyline,away,,2.14,2.1,2.1,114,110,110,1.019047619047619,BetOnline
s;0;m,,,STL(away) vs ATL(home),MLB,Moneyline,home,,1.69,5.75,6.0,-145,475,500,3.5502958579881656,BetOnline
s;0;m,,,STL(away) vs ATL(home),MLB,Moneyline,home,,1.69,5.75,1.67567568,-145,475,-148,3.431451604047867,PointsBet
s;0;m,,,STL(away) vs ATL(home),MLB,Moneyline,home,,1.69,1.6667,6.0,-145,-150,500,3.599928001439971,DraftKings
s;0;m,,,STL(away) vs ATL(home),MLB,Moneyline,home,,1.69,1.6667,1.67567568,-145,-150,-148,1.0139797204055918,BetOnline
s;0;m,,,STL(away) vs ATL(home),MLB,Moneyline,away,,2.33,1.125,1.1234568,133,-800,-810,2.0739560257234637,BetOnline
s;0;m,,,STL(away) vs ATL(home),MLB,Moneyline,away,,2.33,1.125,2.24,133,-800,124,2.071111111111111,PointsBet
s;0;m,,,STL(away) vs ATL(home),MLB,Moneyline,away,,2.33,2.25,1.1234568,133,125,-810,2.0739560257234637,DraftKings
s;0;m,,,STL(away) vs ATL(home),MLB,Moneyline,away,,2.33,2.25,2.24,133,125,124,1.0401785714285714,BetOnline
s;0;m,,,SF(away) vs COL(home),MLB,Moneyline,home,,2.37,1.0,1.30303031,137,0,-330,2.37,BetOnline
s;0;m,,,SF(away) vs COL(home),MLB,Moneyline,home,,2.37,1.0,2.3,137,0,130,2.37,PointsBet
s;0;m,,,SF(away) vs COL(home),MLB,Moneyline,home,,2.37,2.3,1.30303031,137,130,-330,1.8188371995736616,DraftKings
s;0;m,,,SF(away) vs COL(home),MLB,Moneyline,home,,2.37,2.3,2.3,137,130,130,1.0304347826086957,BetOnline
s;0;m,,,SF(away) vs COL(home),MLB,Moneyline,away,,1.67,1.0,3.4,-149,0,240,3.4,DraftKings
s;0;m,,,SF(away) vs COL(home),MLB,Moneyline,away,,1.67,1.0,1.6451613,-149,0,-155,1.67,PointsBet
s;0;m,,,SF(away) vs COL(home),MLB,Moneyline,away,,1.67,1.625,3.4,-149,-160,240,2.0923076923076924,DraftKings
s;0;m,,,SF(away) vs COL(home),MLB,Moneyline,away,,1.67,1.625,1.6451613,-149,-160,-155,1.0276923076923077,BetOnline
s;0;s;1.5,,,SF(away) vs COL(home),MLB,Run Line,home,1.5,1.87,1.0,1.84745763,-115,0,-118,1.87,PointsBet
s;0;s;1.5,,,SF(away) vs COL(home),MLB,Run Line,home,1.5,1.87,1.8696,1.84745763,-115,-115,-118,1.012201833283722,DraftKings
s;0;s;1.5,,,SF(away) vs COL(home),MLB,Run Line,away,-1.5,1.95,1.0,1.98039216,-105,0,-102,1.98039216,PointsBet
s;0;s;1.5,,,SF(away) vs COL(home),MLB,Run Line,away,-1.5,1.95,1.9524,1.98039216,-105,-105,-102,1.0155857230769232,DraftKings
s;0;m,,,HOU(away) vs SEA(home),MLB,Moneyline,home,,1.81,1.7693,1.76923077,-123,-130,-130,1.023043477816068,BetOnline
s;0;m,,,HOU(away) vs SEA(home),MLB,Moneyline,home,,1.81,1.7693,1.95238096,-123,-130,-105,1.103476493528514,DraftKings
s;0;m,,,HOU(away) vs SEA(home),MLB,Moneyline,home,,2.0,1.7693,1.76923077,100,-130,-130,1.1304347821172023,BetOnline
s;0;m,,,HOU(away) vs SEA(home),MLB,Moneyline,home,,2.0,1.7693,1.95238096,100,-130,-105,1.1303905499350024,PointsBet
s;0;m,,,HOU(away) vs SEA(home),MLB,Moneyline,home,,1.81,1.9091,1.76923077,-123,-110,-130,1.0790565212699754,PointsBet
s;0;m,,,HOU(away) vs SEA(home),MLB,Moneyline,home,,1.81,1.9091,1.95238096,-123,-110,-105,1.0786635138121545,BetOnline
s;0;m,,,HOU(away) vs SEA(home),MLB,Moneyline,home,,2.0,1.9091,1.76923077,100,-110,-130,1.1304347821172023,DraftKings
s;0;m,,,HOU(away) vs SEA(home),MLB,Moneyline,home,,2.0,1.9091,1.95238096,100,-110,-105,1.0476140589806715,BetOnline
s;0;m,,,HOU(away) vs SEA(home),MLB,Moneyline,away,,2.13,2.1,2.1,113,110,110,1.0142857142857142,BetOnline
s;0;m,,,HOU(away) vs SEA(home),MLB,Moneyline,away,,2.13,2.1,1.86956522,113,110,-115,1.139302323991671,DraftKings
s;0;m,,,HOU(away) vs SEA(home),MLB,Moneyline,away,,1.91,2.1,2.1,-110,110,110,1.099476439790576,BetOnline
s;0;m,,,HOU(away) vs SEA(home),MLB,Moneyline,away,,1.91,2.1,1.86956522,-110,110,-115,1.1232558123861547,PointsBet
s;0;m,,,HOU(away) vs SEA(home),MLB,Moneyline,away,,2.13,1.9091,2.1,113,-110,110,1.1157089728144152,PointsBet
s;0;m,,,HOU(away) vs SEA(home),MLB,Moneyline,away,,2.13,1.9091,1.86956522,113,-110,-115,1.139302323991671,BetOnline
s;0;m,,,HOU(away) vs SEA(home),MLB,Moneyline,away,,1.91,1.9091,2.1,-110,-110,110,1.099994761929705,DraftKings
s;0;m,,,HOU(away) vs SEA(home),MLB,Moneyline,away,,1.91,1.9091,1.86956522,-110,-110,-115,1.021627905551217,DraftKings
s;0;s;-1.5,,,HOU(away) vs SEA(home),MLB,Run Line,home,-1.5,2.7,2.75,2.7,170,175,170,1.0185185185185184,PointsBet
s;0;s;-1.5,,,HOU(away) vs SEA(home),MLB,Run Line,away,1.5,1.51,1.4762,1.48780488,-195,-210,-205,1.0228966264733776,BetOnline
pp;0;ou;hit;0.5,over,A. Bregman,HOU(away) vs SEA(home),MLB,Hits,,0.5,1.43,1.4,1.41,-233,-250,-240,1.0214285714285714,BetOnline
pp;0;ou;hit;0.5,under,A. Bregman,HOU(away) vs SEA(home),MLB,Hits,,0.5,2.73,2.7,2.75,173,170,175,1.0185185185185184,PointsBet
pp;0;ou;hit;0.5,over,C. Raleigh,HOU(away) vs SEA(home),MLB,Hits,,0.5,1.58,1.5883,1.55,-172,-170,-180,1.024709677419355,DraftKings
pp;0;ou;hit;0.5,under,C. Raleigh,HOU(away) vs SEA(home),MLB,Hits,,0.5,2.32,2.25,2.3,132,125,130,1.031111111111111,PointsBet
pp;0;ou;hit;0.5,over,J. Altuve,HOU(away) vs SEA(home),MLB,Hits,,0.5,1.39,1.3637,1.37,-256,-275,-265,1.0192857666642223,BetOnline
pp;0;ou;hit;0.5,under,J. Altuve,HOU(away) vs SEA(home),MLB,Hits,,0.5,2.92,2.85,2.9,192,185,190,1.0245614035087718,PointsBet
pp;0;ou;hit;0.5,over,J. Crawford,HOU(away) vs SEA(home),MLB,Hits,,0.5,1.57,1.5556,1.57,-175,-180,-175,1.0092568783749036,PointsBet
pp;0;ou;hit;0.5,under,J. Crawford,HOU(away) vs SEA(home),MLB,Hits,,0.5,2.34,2.3,2.3,134,130,130,1.0173913043478262,BetOnline
pp;0;ou;hit;0.5,over,J. Meyers,HOU(away) vs SEA(home),MLB,Hits,,0.5,1.6,1.5556,1.55,-167,-180,-180,1.032258064516129,BetOnline
pp;0;ou;hit;0.5,under,J. Meyers,HOU(away) vs SEA(home),MLB,Hits,,0.5,2.28,2.3,2.3,128,130,130,1.0087719298245614,BetOnline
pp;0;ou;hit;0.5,over,J. Pena,HOU(away) vs SEA(home),MLB,Hits,,0.5,1.45,1.4762,1.41,-222,-210,-240,1.046950354609929,DraftKings
pp;0;ou;hit;0.5,under,J. Pena,HOU(away) vs SEA(home),MLB,Hits,,0.5,2.68,2.5,2.7,168,150,170,1.08,PointsBet
pp;0;ou;hit;0.5,over,J. Polanco,HOU(away) vs SEA(home),MLB,Hits,,0.5,1.55,1.5,1.52,-182,-200,-190,1.0333333333333334,BetOnline
pp;0;ou;hit;0.5,under,J. Polanco,HOU(away) vs SEA(home),MLB,Hits,,0.5,2.39,2.4,2.4,139,140,140,1.00418410041841,BetOnline
pp;0;ou;hit;0.5,over,J. Rodriguez,HOU(away) vs SEA(home),MLB,Hits,,0.5,1.44,1.4167,1.43,-227,-240,-230,1.0164466718430154,PointsBet
pp;0;ou;hit;0.5,under,J. Rodriguez,HOU(away) vs SEA(home),MLB,Hits,,0.5,2.7,2.6,2.65,170,160,165,1.0384615384615385,PointsBet
pp;0;ou;hit;0.5,over,J. Singleton,HOU(away) vs SEA(home),MLB,Hits,,0.5,1.64,1.5883,1.58,-156,-170,-170,1.0379746835443038,BetOnline
pp;0;ou;hit;0.5,under,J. Singleton,HOU(away) vs SEA(home),MLB,Hits,,0.5,2.21,2.25,2.25,121,125,125,1.0180995475113122,BetOnline
pp;0;ou;hit;0.5,over,M. Garver,HOU(away) vs SEA(home),MLB,Hits,,0.5,1.7,1.6897,1.66,-143,-145,-150,1.0240963855421688,DraftKings
pp;0;ou;hit;0.5,under,M. Garver,HOU(away) vs SEA(home),MLB,Hits,,0.5,2.1,2.05,2.1,110,105,110,1.024390243902439,PointsBet
pp;0;ou;hit;0.5,over,M. Haniger,HOU(away) vs SEA(home),MLB,Hits,,0.5,1.69,1.6897,1.71,-145,-145,-140,1.0120139669763863,DraftKings
pp;0;ou;hit;0.5,under,M. Haniger,HOU(away) vs SEA(home),MLB,Hits,,0.5,2.12,2.05,2.05,112,105,105,1.0341463414634149,BetOnline
pp;0;ou;hit;0.5,over,T. France,HOU(away) vs SEA(home),MLB,Hits,,0.5,1.73,1.7143,1.71,-137,-140,-140,1.0116959064327486,BetOnline
pp;0;ou;hit;0.5,under,T. France,HOU(away) vs SEA(home),MLB,Hits,,0.5,2.06,2.0,2.05,106,100,105,1.03,PointsBet
pp;0;ou;hit;0.5,over,Y. Alvarez,HOU(away) vs SEA(home),MLB,Hits,,0.5,1.42,1.4,1.38,-238,-250,-260,1.028985507246377,BetOnline
pp;0;ou;hit;0.5,under,Y. Alvarez,HOU(away) vs SEA(home),MLB,Hits,,0.5,2.78,2.7,2.85,178,170,185,1.0555555555555556,PointsBet
pp;0;ou;sb;0.5,over,A. Bregman,HOU(away) vs SEA(home),MLB,Stolen Bases,,0.5,11.96,13.0,12.0,1096,1200,1100,1.0869565217391304,PointsBet
pp;0;ou;sb;0.5,under,A. Bregman,HOU(away) vs SEA(home),MLB,Stolen Bases,,0.5,1.02,1.02,1.01,-5000,-5000,-8000,1.00990099009901,DraftKings
pp;0;ou;sb;0.5,over,J. Altuve,HOU(away) vs SEA(home),MLB,Stolen Bases,,0.5,4.95,4.2,4.5,395,320,350,1.1785714285714286,BetOnline
pp;0;ou;sb;0.5,under,J. Altuve,HOU(away) vs SEA(home),MLB,Stolen Bases,,0.5,1.16,1.16,1.17,-625,-625,-575,1.0086206896551724,DraftKings
pp;0;ou;sb;0.5,over,J. Meyers,HOU(away) vs SEA(home),MLB,Stolen Bases,,0.5,6.46,5.25,6.0,546,425,500,1.2304761904761905,PointsBet
pp;0;ou;sb;0.5,under,J. Meyers,HOU(away) vs SEA(home),MLB,Stolen Bases,,0.5,1.1,1.1,1.1,-1000,-1000,-1000,1.0,BetOnline
pp;0;ou;sb;0.5,over,J. Pena,HOU(away) vs SEA(home),MLB,Stolen Bases,,0.5,5.84,4.75,5.25,484,375,425,1.2294736842105263,BetOnline
pp;0;ou;sb;0.5,under,J. Pena,HOU(away) vs SEA(home),MLB,Stolen Bases,,0.5,1.12,1.125,1.13,-833,-800,-750,1.0089285714285712,BetOnline
pp;0;ou;sb;0.5,over,J. Polanco,HOU(away) vs SEA(home),MLB,Stolen Bases,,0.5,11.96,16.0,13.0,1096,1500,1200,1.3377926421404682,PointsBet
pp;0;ou;sb;0.5,under,J. Polanco,HOU(away) vs SEA(home),MLB,Stolen Bases,,0.5,1.02,1.0143,1.005,-5000,-6993,-20000,1.0149253731343284,DraftKings
pp;0;ou;sb;0.5,over,J. Rodriguez,HOU(away) vs SEA(home),MLB,Stolen Bases,,0.5,5.14,4.75,5.25,414,375,425,1.105263157894737,PointsBet
pp;0;ou;sb;0.5,under,J. Rodriguez,HOU(away) vs SEA(home),MLB,Stolen Bases,,0.5,1.15,1.125,1.12,-667,-800,-800,1.0267857142857142,BetOnline
pp;0;ou;so;5.5,over,F. Valdez,HOU(away) vs SEA(home),MLB,Strikeouts Thrown,,5.5,1.64,1.6897,1.68,-156,-145,-145,1.0303048780487805,BetOnline
pp;0;ou;so;5.5,under,F. Valdez,HOU(away) vs SEA(home),MLB,Strikeouts Thrown,,5.5,2.2,2.1,2.1,120,110,110,1.0476190476190477,BetOnline
pp;0;ou;so;5.5,over,G. Kirby,HOU(away) vs SEA(home),MLB,Strikeouts Thrown,,5.5,1.77,1.6897,1.71,-130,-145,-140,1.0475232289755578,BetOnline
pp;0;ou;so;5.5,under,G. Kirby,HOU(away) vs SEA(home),MLB,Strikeouts Thrown,,5.5,2.0,2.1,2.05,100,110,105,1.05,PointsBet
pp;0;ss;hit;1.5,over,J. Singleton,HOU(away) vs SEA(home),MLB,Hits Milestones,,1.5,3.92,4.3,4.3,292,330,330,1.096938775510204,BetOnline
pp;0;ss;hit;1.5,over,M. Garver,HOU(away) vs SEA(home),MLB,Hits Milestones,,1.5,4.0,5.0,5.0,300,400,400,1.25,BetOnline
pp;0;ss;hit;1.5,over,C. Raleigh,HOU(away) vs SEA(home),MLB,Hits Milestones,,1.5,3.7,4.3,4.1,270,330,310,1.162162162162162,BetOnline
pp;0;ss;hit;1.5,over,J. Rodriguez,HOU(away) vs SEA(home),MLB,Hits Milestones,,1.5,2.97,3.3,3.3,197,230,230,1.111111111111111,BetOnline
pp;0;ss;hit;2.5,over,J. Rodriguez,HOU(away) vs SEA(home),MLB,Hits Milestones,,2.5,7.94,11.0,11.0,694,1000,1000,1.3853904282115868,BetOnline
pp;0;ss;hit;1.5,over,J. Polanco,HOU(away) vs SEA(home),MLB,Hits Milestones,,1.5,3.62,3.8,4.1,262,280,310,1.1325966850828728,DraftKings
pp;0;ss;hit;1.5,over,J. Crawford,HOU(away) vs SEA(home),MLB,Hits Milestones,,1.5,3.69,4.0,4.4,269,300,340,1.1924119241192412,DraftKings
pp;0;ss;hit;1.5,over,T. France,HOU(away) vs SEA(home),MLB,Hits Milestones,,1.5,4.05,5.0,5.0,305,400,400,1.234567901234568,BetOnline
pp;0;ss;hit;1.5,over,J. Meyers,HOU(away) vs SEA(home),MLB,Hits Milestones,,1.5,3.44,4.1,4.2,244,310,320,1.2209302325581397,BetOnline
pp;0;ss;hit;1.5,over,J. Altuve,HOU(away) vs SEA(home),MLB,Hits Milestones,,1.5,2.79,3.1,2.9,179,210,190,1.1111111111111112,PointsBet
pp;0;ss;hit;2.5,over,J. Altuve,HOU(away) vs SEA(home),MLB,Hits Milestones,,2.5,7.19,10.0,9.0,619,900,800,1.3908205841446453,BetOnline
pp;0;ss;hit;1.5,over,Y. Alvarez,HOU(away) vs SEA(home),MLB,Hits Milestones,,1.5,2.9,3.3,3.0,190,230,200,1.1379310344827587,PointsBet
pp;0;ss;hit;2.5,over,Y. Alvarez,HOU(away) vs SEA(home),MLB,Hits Milestones,,2.5,7.72,11.0,9.0,672,1000,800,1.4248704663212435,PointsBet
pp;0;ss;hit;1.5,over,A. Bregman,HOU(away) vs SEA(home),MLB,Hits Milestones,,1.5,2.96,3.3,3.25,196,230,225,1.114864864864865,BetOnline
pp;0;ss;hit;2.5,over,A. Bregman,HOU(away) vs SEA(home),MLB,Hits Milestones,,2.5,8.04,11.0,10.5,704,1000,950,1.3681592039800996,BetOnline
pp;0;ss;hit;1.5,over,J. Pena,HOU(away) vs SEA(home),MLB,Hits Milestones,,1.5,3.01,3.6,3.35,201,260,235,1.196013289036545,BetOnline
pp;0;ss;hit;2.5,over,J. Pena,HOU(away) vs SEA(home),MLB,Hits Milestones,,2.5,8.18,13.0,11.0,718,1200,1000,1.5892420537897312,BetOnline
pp;0;ss;hit;0.5,over,Y. Diaz,HOU(away) vs SEA(home),MLB,Hits Milestones,,0.5,1.38,1.3847,1.38,-263,-260,-260,1.0034057971014494,PointsBet
pp;0;ss;hit;2.5,over,Y. Diaz,HOU(away) vs SEA(home),MLB,Hits Milestones,,2.5,5.8,11.0,8.0,480,1000,700,1.896551724137931,PointsBet
pp;0;ss;hit;1.5,over,M. Haniger,HOU(away) vs SEA(home),MLB,Hits Milestones,,1.5,4.07,4.75,5.0,307,375,400,1.2285012285012284,BetOnline
pp;0;ou;tb;0.5,over,J. Singleton,HOU(away) vs SEA(home),MLB,Total Bases,,0.5,1.63,1.5883,1.58,-159,-170,-170,1.0316455696202531,BetOnline
pp;0;ou;tb;0.5,under,J. Singleton,HOU(away) vs SEA(home),MLB,Total Bases,,0.5,2.22,2.25,2.25,122,125,125,1.0135135135135134,BetOnline
pp;0;ou;tb;1.5,over,J. Rodriguez,HOU(away) vs SEA(home),MLB,Total Bases,,1.5,2.39,2.3,2.3,139,130,130,1.039130434782609,BetOnline
pp;0;ou;tb;1.5,under,J. Rodriguez,HOU(away) vs SEA(home),MLB,Total Bases,,1.5,1.55,1.5556,1.55,-182,-180,-180,1.0036129032258065,PointsBet
pp;0;ou;tb;0.5,over,J. Crawford,HOU(away) vs SEA(home),MLB,Total Bases,,0.5,1.6,1.5556,1.57,-167,-180,-175,1.0285420416559528,BetOnline
pp;0;ou;tb;0.5,under,J. Crawford,HOU(away) vs SEA(home),MLB,Total Bases,,0.5,2.27,2.3,2.3,127,130,130,1.0132158590308369,BetOnline
pp;0;ou;tb;0.5,over,M. Garver,HOU(away) vs SEA(home),MLB,Total Bases,,0.5,1.7,1.6897,1.66,-143,-145,-150,1.0240963855421688,DraftKings
pp;0;ou;tb;0.5,under,M. Garver,HOU(away) vs SEA(home),MLB,Total Bases,,0.5,2.1,2.05,2.1,110,105,110,1.024390243902439,PointsBet
pp;0;ou;tb;0.5,over,T. France,HOU(away) vs SEA(home),MLB,Total Bases,,0.5,1.74,1.7143,1.71,-135,-140,-140,1.0175438596491229,BetOnline
pp;0;ou;tb;0.5,under,T. France,HOU(away) vs SEA(home),MLB,Total Bases,,0.5,2.05,2.0,2.05,105,100,105,1.025,PointsBet
pp;0;ou;tb;0.5,over,J. Meyers,HOU(away) vs SEA(home),MLB,Total Bases,,0.5,1.58,1.5556,1.55,-172,-180,-180,1.0193548387096774,BetOnline
pp;0;ou;tb;0.5,under,J. Meyers,HOU(away) vs SEA(home),MLB,Total Bases,,0.5,2.31,2.3,2.3,131,130,130,1.0043478260869567,BetOnline
pp;0;ou;tb;1.5,over,J. Altuve,HOU(away) vs SEA(home),MLB,Total Bases,,1.5,2.32,2.2,2.25,132,120,125,1.0545454545454545,BetOnline
pp;0;ou;tb;1.5,under,J. Altuve,HOU(away) vs SEA(home),MLB,Total Bases,,1.5,1.58,1.625,1.57,-172,-160,-175,1.0350318471337578,PointsBet
pp;0;ou;tb;1.5,over,Y. Alvarez,HOU(away) vs SEA(home),MLB,Total Bases,,1.5,2.06,2.0,2.0,106,100,100,1.03,BetOnline
pp;0;ou;tb;1.5,under,Y. Alvarez,HOU(away) vs SEA(home),MLB,Total Bases,,1.5,1.73,1.7408,1.74,-137,-135,-135,1.006242774566474,BetOnline
pp;0;ou;tb;1.5,over,A. Bregman,HOU(away) vs SEA(home),MLB,Total Bases,,1.5,2.41,2.25,2.35,141,125,135,1.0711111111111111,PointsBet
pp;0;ou;tb;1.5,under,A. Bregman,HOU(away) vs SEA(home),MLB,Total Bases,,1.5,1.54,1.5883,1.54,-185,-170,-185,1.0313636363636363,PointsBet
pp;0;ou;tb;1.5,over,J. Pena,HOU(away) vs SEA(home),MLB,Total Bases,,1.5,2.58,2.5,2.5,158,150,150,1.032,BetOnline
pp;0;ou;tb;1.5,under,J. Pena,HOU(away) vs SEA(home),MLB,Total Bases,,1.5,1.48,1.4762,1.48,-208,-210,-205,1.0025741769407939,PointsBet
pp;0;ou;tb;1.5,over,Y. Diaz,HOU(away) vs SEA(home),MLB,Total Bases,,1.5,2.24,2.1,2.15,124,110,115,1.0666666666666667,BetOnline
pp;0;ou;tb;1.5,under,Y. Diaz,HOU(away) vs SEA(home),MLB,Total Bases,,1.5,1.62,1.6667,1.62,-161,-150,-160,1.028827160493827,PointsBet
pp;0;ou;tb;0.5,over,C. Raleigh,HOU(away) vs SEA(home),MLB,Total Bases,,0.5,1.58,1.5883,1.55,-172,-170,-180,1.024709677419355,DraftKings
pp;0;ou;tb;0.5,under,C. Raleigh,HOU(away) vs SEA(home),MLB,Total Bases,,0.5,2.32,2.25,2.3,132,125,130,1.031111111111111,PointsBet
pp;0;ou;tb;0.5,over,M. Haniger,HOU(away) vs SEA(home),MLB,Total Bases,,0.5,1.73,1.6897,1.71,-137,-145,-140,1.023850387642777,PointsBet
pp;0;ou;tb;0.5,under,M. Haniger,HOU(away) vs SEA(home),MLB,Total Bases,,0.5,2.06,2.05,2.05,106,105,105,1.0048780487804878,BetOnline
pp;0;ss;so;4.5,over,F. Valdez,HOU(away) vs SEA(home),MLB,Strikeouts Milestones,,4.5,1.24,1.3449,1.28,-417,-290,-350,1.0845967741935483,PointsBet
pp;0;ss;so;6.5,over,F. Valdez,HOU(away) vs SEA(home),MLB,Strikeouts Milestones,,6.5,2.21,2.3,2.05,121,130,105,1.1219512195121952,DraftKings
pp;0;ss;so;7.5,over,F. Valdez,HOU(away) vs SEA(home),MLB,Strikeouts Milestones,,7.5,3.16,3.3,3.5,216,230,250,1.1075949367088607,DraftKings
pp;0;ss;so;4.5,over,G. Kirby,HOU(away) vs SEA(home),MLB,Strikeouts Milestones,,4.5,1.3,1.3334,1.37,-333,-300,-265,1.0538461538461539,DraftKings
pp;0;ss;so;6.5,over,G. Kirby,HOU(away) vs SEA(home),MLB,Strikeouts Milestones,,6.5,2.45,2.35,2.55,145,135,155,1.0851063829787233,PointsBet
pp;0;ss;so;7.5,over,G. Kirby,HOU(away) vs SEA(home),MLB,Strikeouts Milestones,,7.5,3.69,3.5,4.1,269,250,310,1.1714285714285713,DraftKings
s;0;s;-1.5,,,MIL(away) vs MIN(home),MLB,Run Line,home,-1.5,2.35,2.25,2.3,135,125,130,1.0444444444444445,BetOnline
s;0;s;-1.5,,,MIL(away) vs MIN(home),MLB,Run Line,away,1.5,1.65,1.6667,1.6451613,-155,-150,-155,1.0130921509033795,PointsBet
s;0;s;-1.5,,,CIN(away) vs WAS(home),MLB,Run Line,home,-1.5,2.65,2.65,2.64,165,165,164,1.0037878787878787,DraftKings
s;0;s;-1.5,,,CIN(away) vs WAS(home),MLB,Run Line,away,1.5,1.53,1.5,1.50505051,-190,-200,-198,1.02,BetOnline
s;0;m,,,PHI(away) vs PIT(home),MLB,Moneyline,home,,2.24,2.25,2.2,124,125,120,1.0227272727272727,DraftKings
s;0;m,,,PHI(away) vs PIT(home),MLB,Moneyline,away,,1.74,1.6667,1.70422536,-135,-150,-142,1.0439791204175917,PointsBet
s;0;s;1.5,,,PHI(away) vs PIT(home),MLB,Run Line,home,1.5,1.77,1.8,1.76923077,-130,-125,-130,1.017391303905482,PointsBet
s;0;s;1.5,,,PHI(away) vs PIT(home),MLB,Run Line,away,-1.5,2.1,2.05,2.1,110,105,110,1.024390243902439,PointsBet
s;0;s;-1.5,,,STL(away) vs ATL(home),MLB,Run Line,home,-1.5,2.35,2.3,2.36,135,130,136,1.0260869565217392,PointsBet
s;0;s;-1.5,,,STL(away) vs ATL(home),MLB,Run Line,away,1.5,1.65,1.625,1.61728396,-155,-160,-162,1.020229001714702,BetOnline
s;0;ou;8.5,over,,STL(away) vs ATL(home),MLB,Total,,8.5,1.87,1.8334,1.86956522,-115,-120,-115,1.0199629104396204,PointsBet
s;0;ou;8.5,under,,STL(away) vs ATL(home),MLB,Total,,8.5,1.95,2.0,1.95238096,-105,100,-105,1.0256410256410258,PointsBet
s;0;m,,,TB(away) vs NYY(home),MLB,Moneyline,home,,1.67,1.6667,1.6451613,-150,-150,-155,1.0150980332445212,DraftKings
s;0;m,,,TB(away) vs NYY(home),MLB,Moneyline,away,,2.38,2.25,2.3,138,125,130,1.0577777777777777,BetOnline
s;0;s;-1.5,,,TB(away) vs NYY(home),MLB,Run Line,home,-1.5,2.35,2.25,2.3,135,125,130,1.0444444444444445,BetOnline
s;0;s;-1.5,,,TB(away) vs NYY(home),MLB,Run Line,away,1.5,1.65,1.6667,1.6451613,-155,-150,-155,1.0130921509033795,PointsBet
s;0;ou;8.5,over,,TB(away) vs NYY(home),MLB,Total,,8.5,1.84,1.8334,1.84745763,-119,-120,-118,1.0076675193629323,DraftKings
s;0;ou;8.5,under,,TB(away) vs NYY(home),MLB,Total,,8.5,1.99,2.0,1.98039216,-101,100,-102,1.0099009884991668,PointsBet
s;0;m,,,DET(away) vs TOR(home),MLB,Moneyline,home,,1.68,1.6667,1.6451613,-147,-150,-155,1.0211764645813148,DraftKings
s;0;m,,,DET(away) vs TOR(home),MLB,Moneyline,away,,2.35,2.25,2.3,135,125,130,1.0444444444444445,BetOnline
s;0;s;-1.5,,,DET(away) vs TOR(home),MLB,Run Line,home,-1.5,2.4,2.3,2.4,140,130,140,1.0434782608695652,PointsBet
s;0;s;-1.5,,,DET(away) vs TOR(home),MLB,Run Line,away,1.5,1.62,1.625,1.60240964,-160,-160,-166,1.0140977434459268,DraftKings
s;0;m,,,SD(away) vs CLE(home),MLB,Moneyline,home,,1.91,1.8696,1.86956522,-110,-115,-115,1.021627905551217,BetOnline
s;0;m,,,SD(away) vs CLE(home),MLB,Moneyline,away,,2.0,1.9524,1.95238096,100,-105,-105,1.0243902399048186,BetOnline
s;0;m,,,CWS(away) vs KAN(home),MLB,Moneyline,home,,1.48,1.4167,1.44444445,-210,-240,-225,1.0446813016164325,BetOnline
s;0;m,,,CWS(away) vs KAN(home),MLB,Moneyline,away,,2.9,2.9,2.85,190,190,185,1.0175438596491226,DraftKings
s;0;s;-1.5,,,CWS(away) vs KAN(home),MLB,Run Line,home,-1.5,1.95,1.9091,1.95238096,-105,-110,-105,1.02267087109109,PointsBet
s;0;s;-1.5,,,CWS(away) vs KAN(home),MLB,Run Line,away,1.5,1.87,1.9091,1.86956522,-115,-110,-115,1.0211465102030515,PointsBet
s;0;ou;8.5,over,,CWS(away) vs KAN(home),MLB,Total,,8.5,1.96,1.9524,1.95238096,-104,-105,-105,1.0039024351067223,BetOnline
s;0;ou;8.5,under,,CWS(away) vs KAN(home),MLB,Total,,8.5,1.86,1.8696,1.86956522,-116,-115,-115,1.0051612903225806,BetOnline
s;0;m,,,LAA(away) vs OAK(home),MLB,Moneyline,home,,1.78,1.7143,1.74074075,-128,-140,-135,1.0383246806276616,BetOnline
s;0;m,,,LAA(away) vs OAK(home),MLB,Moneyline,away,,2.18,2.15,2.14,118,115,114,1.0186915887850467,BetOnline
s;0;s;-1.5,,,LAA(away) vs OAK(home),MLB,Run Line,home,-1.5,2.5,2.5,2.45,150,150,145,1.0204081632653061,DraftKings
s;0;s;-1.5,,,LAA(away) vs OAK(home),MLB,Run Line,away,1.5,1.59,1.5556,1.57142858,-170,-180,-175,1.022113653895603,BetOnline
s;0;s;1.5,,,HOU(away) vs SEA(home),MLB,Run Line,home,1.5,1.56,1.5264,1.54054055,-180,-190,-185,1.0220125786163523,BetOnline
s;0;s;1.5,,,HOU(away) vs SEA(home),MLB,Run Line,away,-1.5,2.6,2.6,2.54,160,160,154,1.0236220472440944,DraftKings
s;0;m,,,BOS(away) vs LAD(home),MLB,Moneyline,home,,1.88,1.8334,3.3,-114,-120,230,1.7999345478346243,DraftKings
s;0;m,,,BOS(away) vs LAD(home),MLB,Moneyline,home,,1.88,1.8334,1.83333334,-114,-120,-120,1.0254545417256198,BetOnline
s;0;m,,,BOS(away) vs LAD(home),MLB,Moneyline,away,,2.04,2.0,1.31746032,104,100,-315,1.5484337319548267,DraftKings
s;0;m,,,BOS(away) vs LAD(home),MLB,Moneyline,away,,2.04,2.0,2.0,104,100,100,1.02,BetOnline
