Key,Date,League,Teams,Name,Category,Side,Designation,Points,PN American Odds,PN Decimal Odds,PN Fair Odds
s;0;m,2024-08-15,MLB,BOS(away) vs BAL(home),,moneyline,home,,,-139,1.7194244604316546,-133
s;0;m,2024-08-15,MLB,BOS(away) vs BAL(home),,moneyline,away,,,128,2.2800000000000002,133
s;0;tt;4.5;home,2024-08-15,MLB,BOS(away) vs BAL(home),,team_total,home,over,4.5,103,2.0300000000000002,111
s;0;tt;4.5;home,2024-08-15,MLB,BOS(away) vs BAL(home),,team_total,home,under,4.5,-120,1.8333333333333335,-111
s;0;tt;3.5;away,2024-08-15,MLB,BOS(away) vs BAL(home),,team_total,away,over,3.5,-128,1.78125,-117
s;0;tt;3.5;away,2024-08-15,MLB,BOS(away) vs BAL(home),,team_total,away,under,3.5,109,2.09,117
s;0;s;-1.5,2024-08-15,MLB,BOS(away) vs BAL(home),,spread,home,,-1.5,149,2.49,155
s;0;s;-1.5,2024-08-15,MLB,BOS(away) vs BAL(home),,spread,away,,1.5,-166,1.6024096385542168,-155
s;0;s;1.5,2024-08-15,MLB,BOS(away) vs BAL(home),,spread,home,,1.5,-240,1.4166666666666667,-209
s;0;s;1.5,2024-08-15,MLB,BOS(away) vs BAL(home),,spread,away,,-1.5,196,2.96,209
s;0;s;1.0,2024-08-15,MLB,BOS(away) vs BAL(home),,spread,home,,1.0,-196,1.510204081632653,-177
s;0;s;1.0,2024-08-15,MLB,BOS(away) vs BAL(home),,spread,away,,-1.0,167,2.67,177
s;0;s;-1.0,2024-08-15,MLB,BOS(away) vs BAL(home),,spread,home,,-1.0,104,2.04,110
s;0;s;-1.0,2024-08-15,MLB,BOS(away) vs BAL(home),,spread,away,,1.0,-117,1.8547008547008548,-110
s;0;s;-2.0,2024-08-15,MLB,BOS(away) vs BAL(home),,spread,home,,-2.0,198,2.98,208
s;0;s;-2.0,2024-08-15,MLB,BOS(away) vs BAL(home),,spread,away,,2.0,-231,1.432900432900433,-208
s;0;s;-2.5,2024-08-15,MLB,BOS(away) vs BAL(home),,spread,home,,-2.5,226,3.26,239
s;0;s;-2.5,2024-08-15,MLB,BOS(away) vs BAL(home),,spread,away,,2.5,-275,1.3636363636363638,-239
s;0;s;-3.0,2024-08-15,MLB,BOS(away) vs BAL(home),,spread,home,,-3.0,303,4.029999999999999,323
s;0;s;-3.0,2024-08-15,MLB,BOS(away) vs BAL(home),,spread,away,,3.0,-402,1.2487562189054726,-323
s;0;ou;8.5,2024-08-15,MLB,BOS(away) vs BAL(home),,total,,over,8.5,-110,1.9090909090909092,-104
s;0;ou;8.5,2024-08-15,MLB,BOS(away) vs BAL(home),,total,,under,8.5,-102,1.9803921568627452,104
s;0;ou;5.5,2024-08-15,MLB,BOS(away) vs BAL(home),,total,,over,5.5,-377,1.2652519893899203,-307
s;0;ou;5.5,2024-08-15,MLB,BOS(away) vs BAL(home),,total,,under,5.5,288,3.88,307
s;0;ou;7.0,2024-08-15,MLB,BOS(away) vs BAL(home),,total,,over,7.0,-208,1.4807692307692308,-189
s;0;ou;7.0,2024-08-15,MLB,BOS(away) vs BAL(home),,total,,under,7.0,180,2.8,189
s;0;ou;7.5,2024-08-15,MLB,BOS(away) vs BAL(home),,total,,over,7.5,-150,1.6666666666666665,-140
s;0;ou;7.5,2024-08-15,MLB,BOS(away) vs BAL(home),,total,,under,7.5,133,2.33,140
s;0;ou;8.0,2024-08-15,MLB,BOS(away) vs BAL(home),,total,,over,8.0,-130,1.7692307692307692,-122
s;0;ou;8.0,2024-08-15,MLB,BOS(away) vs BAL(home),,total,,under,8.0,116,2.16,122
s;0;ou;9.0,2024-08-15,MLB,BOS(away) vs BAL(home),,total,,over,9.0,115,2.15,122
s;0;ou;9.0,2024-08-15,MLB,BOS(away) vs BAL(home),,total,,under,9.0,-130,1.7692307692307692,-122
s;0;ou;9.5,2024-08-15,MLB,BOS(away) vs BAL(home),,total,,over,9.5,143,2.4299999999999997,151
s;0;ou;9.5,2024-08-15,MLB,BOS(away) vs BAL(home),,total,,under,9.5,-163,1.6134969325153374,-151
s;0;ou;10.0,2024-08-15,MLB,BOS(away) vs BAL(home),,total,,over,10.0,168,2.6799999999999997,177
s;0;ou;10.0,2024-08-15,MLB,BOS(away) vs BAL(home),,total,,under,10.0,-193,1.5181347150259068,-177
s;0;ou;12.5,2024-08-15,MLB,BOS(away) vs BAL(home),,total,,over,12.5,345,4.45,367
s;0;ou;12.5,2024-08-15,MLB,BOS(away) vs BAL(home),,total,,under,12.5,-472,1.211864406779661,-367
s;0;ou;26.0,2024-08-15,MLB,BOS(away) vs BAL(home),,total,,over,26.0,-110,1.9090909090909092,100
s;0;ou;26.0,2024-08-15,MLB,BOS(away) vs BAL(home),,total,,under,26.0,-110,1.9090909090909092,100
pp;0;ou;so;4.5,2024-08-15,MLB,BOS(away) vs BAL(home),N. Pivetta,Total Strikeouts,,over,4.5,-177,1.5649717514124295,-140
pp;0;ou;so;4.5,2024-08-15,MLB,BOS(away) vs BAL(home),N. Pivetta,Total Strikeouts,,under,4.5,119,2.19,140
pp;0;ou;hita;4.5,2024-08-15,MLB,BOS(away) vs BAL(home),N. Pivetta,Hits Allowed,,over,4.5,-124,1.8064516129032258,-107
pp;0;ou;hita;4.5,2024-08-15,MLB,BOS(away) vs BAL(home),N. Pivetta,Hits Allowed,,under,4.5,-107,1.9345794392523366,107
pp;0;ou;er;2.5,2024-08-15,MLB,BOS(away) vs BAL(home),N. Pivetta,Earned Runs,,over,2.5,117,2.17,133
pp;0;ou;er;2.5,2024-08-15,MLB,BOS(away) vs BAL(home),N. Pivetta,Earned Runs,,under,2.5,-157,1.6369426751592355,-133
pp;ou;po;15.5,2024-08-15,MLB,BOS(away) vs BAL(home),N. Pivetta,Pitching Outs,,over,15.5,152,2.52,171
pp;ou;po;15.5,2024-08-15,MLB,BOS(away) vs BAL(home),N. Pivetta,Pitching Outs,,under,15.5,-211,1.4739336492890995,-171
pp;0;ou;hr;0.5,2024-08-15,MLB,BOS(away) vs BAL(home),R. Urias,Home Runs,,over,0.5,761,8.61,814
pp;0;ou;hr;0.5,2024-08-15,MLB,BOS(away) vs BAL(home),R. Urias,Home Runs,,under,0.5,-1724,1.0580046403712298,-814
pp;0;ou;tb;0.5,2024-08-15,MLB,BOS(away) vs BAL(home),R. Urias,Total Bases,,over,0.5,-185,1.5405405405405406,-153
pp;0;ou;tb;0.5,2024-08-15,MLB,BOS(away) vs BAL(home),R. Urias,Total Bases,,under,0.5,135,2.35,153
pp;0;ou;so;4.5,2024-08-15,MLB,BOS(away) vs BAL(home),Z. Eflin,Total Strikeouts,,over,4.5,-127,1.7874015748031495,-108
pp;0;ou;so;4.5,2024-08-15,MLB,BOS(away) vs BAL(home),Z. Eflin,Total Strikeouts,,under,4.5,-107,1.9345794392523366,108
pp;0;ou;hita;5.5,2024-08-15,MLB,BOS(away) vs BAL(home),Z. Eflin,Hits Allowed,,over,5.5,-160,1.625,-135
pp;0;ou;hita;5.5,2024-08-15,MLB,BOS(away) vs BAL(home),Z. Eflin,Hits Allowed,,under,5.5,119,2.19,135
pp;0;ou;er;2.5,2024-08-15,MLB,BOS(away) vs BAL(home),Z. Eflin,Earned Runs,,over,2.5,-122,1.819672131147541,-104
pp;0;ou;er;2.5,2024-08-15,MLB,BOS(away) vs BAL(home),Z. Eflin,Earned Runs,,under,2.5,-113,1.8849557522123894,104
pp;ou;po;17.5,2024-08-15,MLB,BOS(away) vs BAL(home),Z. Eflin,Pitching Outs,,over,17.5,-170,1.5882352941176472,-142
pp;ou;po;17.5,2024-08-15,MLB,BOS(away) vs BAL(home),Z. Eflin,Pitching Outs,,under,17.5,126,2.26,142
pp;0;ou;hr;0.5,2024-08-15,MLB,BOS(away) vs BAL(home),A. Santander,Home Runs,,over,0.5,402,5.02,434
pp;0;ou;hr;0.5,2024-08-15,MLB,BOS(away) vs BAL(home),A. Santander,Home Runs,,under,0.5,-642,1.1557632398753894,-434
pp;0;ou;tb;1.5,2024-08-15,MLB,BOS(away) vs BAL(home),A. Santander,Total Bases,,over,1.5,123,2.23,139
pp;0;ou;tb;1.5,2024-08-15,MLB,BOS(away) vs BAL(home),A. Santander,Total Bases,,under,1.5,-165,1.606060606060606,-139
pp;0;ou;hr;0.5,2024-08-15,MLB,BOS(away) vs BAL(home),D. Smith,Home Runs,,under,0.5,-1442,1.0693481276005548,-733
pp;0;ou;hr;0.5,2024-08-15,MLB,BOS(away) vs BAL(home),D. Smith,Home Runs,,over,0.5,684,7.84,733
pp;0;ou;tb;0.5,2024-08-15,MLB,BOS(away) vs BAL(home),D. Smith,Total Bases,,over,0.5,-209,1.4784688995215312,-169
pp;0;ou;tb;0.5,2024-08-15,MLB,BOS(away) vs BAL(home),D. Smith,Total Bases,,under,0.5,150,2.5,169
pp;0;ou;hr;0.5,2024-08-15,MLB,BOS(away) vs BAL(home),R. Devers,Home Runs,,over,0.5,370,4.7,400
pp;0;ou;hr;0.5,2024-08-15,MLB,BOS(away) vs BAL(home),R. Devers,Home Runs,,under,0.5,-572,1.1748251748251748,-400
pp;0;ou;tb;1.5,2024-08-15,MLB,BOS(away) vs BAL(home),R. Devers,Total Bases,,over,1.5,105,2.05,119
pp;0;ou;tb;1.5,2024-08-15,MLB,BOS(away) vs BAL(home),R. Devers,Total Bases,,under,1.5,-139,1.7194244604316546,-119
pp;0;ou;hr;0.5,2024-08-15,MLB,BOS(away) vs BAL(home),C. Mullins,Home Runs,,over,0.5,817,9.17,872
pp;0;ou;hr;0.5,2024-08-15,MLB,BOS(away) vs BAL(home),C. Mullins,Home Runs,,under,0.5,-1947,1.0513610683102208,-872
pp;0;ou;tb;0.5,2024-08-15,MLB,BOS(away) vs BAL(home),C. Mullins,Total Bases,,over,0.5,-147,1.6802721088435373,-125
pp;0;ou;tb;0.5,2024-08-15,MLB,BOS(away) vs BAL(home),C. Mullins,Total Bases,,under,0.5,110,2.1,125
pp;0;ou;hr;0.5,2024-08-15,MLB,BOS(away) vs BAL(home),R. O'Hearn,Home Runs,,over,0.5,666,7.66,714
pp;0;ou;hr;0.5,2024-08-15,MLB,BOS(away) vs BAL(home),R. O'Hearn,Home Runs,,under,0.5,-1382,1.0723589001447178,-714
pp;0;ou;tb;1.5,2024-08-15,MLB,BOS(away) vs BAL(home),R. O'Hearn,Total Bases,,over,1.5,138,2.38,156
pp;0;ou;tb;1.5,2024-08-15,MLB,BOS(away) vs BAL(home),R. O'Hearn,Total Bases,,under,1.5,-189,1.529100529100529,-156
pp;0;ou;hr;0.5,2024-08-15,MLB,BOS(away) vs BAL(home),C. Wong,Home Runs,,over,0.5,895,9.95,953
pp;0;ou;hr;0.5,2024-08-15,MLB,BOS(away) vs BAL(home),C. Wong,Home Runs,,under,0.5,-2286,1.0437445319335084,-953
pp;0;ou;tb;1.5,2024-08-15,MLB,BOS(away) vs BAL(home),C. Wong,Total Bases,,over,1.5,141,2.41,159
pp;0;ou;tb;1.5,2024-08-15,MLB,BOS(away) vs BAL(home),C. Wong,Total Bases,,under,1.5,-194,1.5154639175257731,-159
pp;0;ou;hr;0.5,2024-08-15,MLB,BOS(away) vs BAL(home),R. Mountcastle,Home Runs,,over,0.5,579,6.79,623
pp;0;ou;hr;0.5,2024-08-15,MLB,BOS(away) vs BAL(home),R. Mountcastle,Home Runs,,under,0.5,-1106,1.0904159132007234,-623
pp;0;ou;tb;1.5,2024-08-15,MLB,BOS(away) vs BAL(home),R. Mountcastle,Total Bases,,over,1.5,120,2.2,136
pp;0;ou;tb;1.5,2024-08-15,MLB,BOS(away) vs BAL(home),R. Mountcastle,Total Bases,,under,1.5,-161,1.62111801242236,-136
pp;0;ou;tb;0.5,2024-08-15,MLB,BOS(away) vs BAL(home),D. Hamilton,Total Bases,,over,0.5,-145,1.6896551724137931,-124
pp;0;ou;tb;0.5,2024-08-15,MLB,BOS(away) vs BAL(home),D. Hamilton,Total Bases,,under,0.5,109,2.09,124
pp;0;ou;hr;0.5,2024-08-15,MLB,BOS(away) vs BAL(home),A. Rutschman,Home Runs,,over,0.5,691,7.91,741
pp;0;ou;hr;0.5,2024-08-15,MLB,BOS(away) vs BAL(home),A. Rutschman,Home Runs,,under,0.5,-1467,1.0681663258350376,-741
pp;0;ou;tb;1.5,2024-08-15,MLB,BOS(away) vs BAL(home),A. Rutschman,Total Bases,,over,1.5,147,2.4699999999999998,166
pp;0;ou;tb;1.5,2024-08-15,MLB,BOS(away) vs BAL(home),A. Rutschman,Total Bases,,under,1.5,-204,1.4901960784313726,-166
pp;0;ou;hr;0.5,2024-08-15,MLB,BOS(away) vs BAL(home),W. Abreu,Home Runs,,over,0.5,455,5.55,491
pp;0;ou;hr;0.5,2024-08-15,MLB,BOS(away) vs BAL(home),W. Abreu,Home Runs,,under,0.5,-768,1.1302083333333333,-491
pp;0;ou;tb;1.5,2024-08-15,MLB,BOS(away) vs BAL(home),W. Abreu,Total Bases,,over,1.5,120,2.2,136
pp;0;ou;tb;1.5,2024-08-15,MLB,BOS(away) vs BAL(home),W. Abreu,Total Bases,,under,1.5,-161,1.62111801242236,-136
pp;0;ou;hr;0.5,2024-08-15,MLB,BOS(away) vs BAL(home),C. Rafaela,Home Runs,,over,0.5,843,9.43,899
pp;0;ou;hr;0.5,2024-08-15,MLB,BOS(away) vs BAL(home),C. Rafaela,Home Runs,,under,0.5,-2059,1.0485672656629432,-899
pp;0;ou;tb;1.5,2024-08-15,MLB,BOS(away) vs BAL(home),C. Rafaela,Total Bases,,over,1.5,119,2.19,137
pp;0;ou;tb;1.5,2024-08-15,MLB,BOS(away) vs BAL(home),C. Rafaela,Total Bases,,under,1.5,-167,1.5988023952095807,-137
pp;0;ou;hr;0.5,2024-08-15,MLB,BOS(away) vs BAL(home),J. Duran,Home Runs,,over,0.5,616,7.16,662
pp;0;ou;hr;0.5,2024-08-15,MLB,BOS(away) vs BAL(home),J. Duran,Home Runs,,under,0.5,-1219,1.0820344544708778,-662
pp;0;ou;tb;1.5,2024-08-15,MLB,BOS(away) vs BAL(home),J. Duran,Total Bases,,over,1.5,-106,1.9433962264150944,108
pp;0;ou;tb;1.5,2024-08-15,MLB,BOS(away) vs BAL(home),J. Duran,Total Bases,,under,1.5,-124,1.8064516129032258,-108
pp;0;ou;hr;0.5,2024-08-15,MLB,BOS(away) vs BAL(home),C. Cowser,Home Runs,,over,0.5,522,6.22,562
pp;0;ou;hr;0.5,2024-08-15,MLB,BOS(away) vs BAL(home),C. Cowser,Home Runs,,under,0.5,-942,1.1061571125265393,-562
pp;0;ou;tb;1.5,2024-08-15,MLB,BOS(away) vs BAL(home),C. Cowser,Total Bases,,over,1.5,136,2.3600000000000003,153
pp;0;ou;tb;1.5,2024-08-15,MLB,BOS(away) vs BAL(home),C. Cowser,Total Bases,,under,1.5,-185,1.5405405405405406,-153
pp;0;ou;hr;0.5,2024-08-15,MLB,BOS(away) vs BAL(home),G. Henderson,Home Runs,,over,0.5,498,5.98,556
pp;0;ou;hr;0.5,2024-08-15,MLB,BOS(away) vs BAL(home),G. Henderson,Home Runs,,under,0.5,-1333,1.0750187546886723,-556
pp;0;ou;tb;1.5,2024-08-15,MLB,BOS(away) vs BAL(home),G. Henderson,Total Bases,,over,1.5,115,2.15,130
pp;0;ou;tb;1.5,2024-08-15,MLB,BOS(away) vs BAL(home),G. Henderson,Total Bases,,under,1.5,-154,1.6493506493506493,-130
pp;0;ou;tb;0.5,2024-08-15,MLB,BOS(away) vs BAL(home),N. Sogard,Total Bases,,over,0.5,-174,1.5747126436781609,-145
pp;0;ou;tb;0.5,2024-08-15,MLB,BOS(away) vs BAL(home),N. Sogard,Total Bases,,under,0.5,129,2.29,145
pp;0;ou;hr;0.5,2024-08-15,MLB,BOS(away) vs BAL(home),J. Holliday,Home Runs,,over,0.5,744,8.440000000000001,796
pp;0;ou;hr;0.5,2024-08-15,MLB,BOS(away) vs BAL(home),J. Holliday,Home Runs,,under,0.5,-1659,1.0602772754671488,-796
pp;0;ou;tb;0.5,2024-08-15,MLB,BOS(away) vs BAL(home),J. Holliday,Total Bases,,over,0.5,-144,1.6944444444444444,-123
pp;0;ou;tb;0.5,2024-08-15,MLB,BOS(away) vs BAL(home),J. Holliday,Total Bases,,under,0.5,108,2.08,123
pp;0;ou;hr;0.5,2024-08-15,MLB,BOS(away) vs BAL(home),M. Yoshida,Home Runs,,over,0.5,776,8.76,829
pp;0;ou;hr;0.5,2024-08-15,MLB,BOS(away) vs BAL(home),M. Yoshida,Home Runs,,under,0.5,-1781,1.0561482313307131,-829
pp;0;ou;tb;1.5,2024-08-15,MLB,BOS(away) vs BAL(home),M. Yoshida,Total Bases,,over,1.5,131,2.31,148
pp;0;ou;tb;1.5,2024-08-15,MLB,BOS(away) vs BAL(home),M. Yoshida,Total Bases,,under,1.5,-178,1.5617977528089888,-148
s;0;m,2024-08-15,MLB,LAD(away) vs MIL(home),,moneyline,home,,,136,2.3600000000000003,141
s;0;m,2024-08-15,MLB,LAD(away) vs MIL(home),,moneyline,away,,,-148,1.6756756756756757,-141
s;0;tt;3.5;home,2024-08-15,MLB,LAD(away) vs MIL(home),,team_total,home,over,3.5,107,2.0700000000000003,115
s;0;tt;3.5;home,2024-08-15,MLB,LAD(away) vs MIL(home),,team_total,home,under,3.5,-125,1.8,-115
s;0;tt;4.5;away,2024-08-15,MLB,LAD(away) vs MIL(home),,team_total,away,over,4.5,104,2.04,112
s;0;tt;4.5;away,2024-08-15,MLB,LAD(away) vs MIL(home),,team_total,away,under,4.5,-122,1.819672131147541,-112
s;0;s;1.5,2024-08-15,MLB,LAD(away) vs MIL(home),,spread,home,,1.5,-129,1.7751937984496124,-122
s;0;s;1.5,2024-08-15,MLB,LAD(away) vs MIL(home),,spread,away,,-1.5,117,2.17,122
s;0;s;3.0,2024-08-15,MLB,LAD(away) vs MIL(home),,spread,home,,3.0,-317,1.3154574132492114,-265
s;0;s;3.0,2024-08-15,MLB,LAD(away) vs MIL(home),,spread,away,,-3.0,249,3.49,265
s;0;s;2.5,2024-08-15,MLB,LAD(away) vs MIL(home),,spread,home,,2.5,-219,1.45662100456621,-196
s;0;s;2.5,2024-08-15,MLB,LAD(away) vs MIL(home),,spread,away,,-2.5,185,2.85,196
s;0;s;2.0,2024-08-15,MLB,LAD(away) vs MIL(home),,spread,home,,2.0,-177,1.5649717514124295,-163
s;0;s;2.0,2024-08-15,MLB,LAD(away) vs MIL(home),,spread,away,,-2.0,155,2.55,163
s;0;s;1.0,2024-08-15,MLB,LAD(away) vs MIL(home),,spread,home,,1.0,103,2.0300000000000002,109
s;0;s;1.0,2024-08-15,MLB,LAD(away) vs MIL(home),,spread,away,,-1.0,-115,1.8695652173913042,-109
s;0;s;-1.0,2024-08-15,MLB,LAD(away) vs MIL(home),,spread,home,,-1.0,211,3.11,223
s;0;s;-1.0,2024-08-15,MLB,LAD(away) vs MIL(home),,spread,away,,1.0,-253,1.3952569169960474,-223
s;0;s;-1.5,2024-08-15,MLB,LAD(away) vs MIL(home),,spread,home,,-1.5,259,3.59,276
s;0;s;-1.5,2024-08-15,MLB,LAD(away) vs MIL(home),,spread,away,,1.5,-331,1.3021148036253776,-276
s;0;ou;7.5,2024-08-15,MLB,LAD(away) vs MIL(home),,total,,over,7.5,-115,1.8695652173913042,-108
s;0;ou;7.5,2024-08-15,MLB,LAD(away) vs MIL(home),,total,,under,7.5,102,2.02,108
s;0;ou;4.5,2024-08-15,MLB,LAD(away) vs MIL(home),,total,,over,4.5,-588,1.1700680272108843,-435
s;0;ou;4.5,2024-08-15,MLB,LAD(away) vs MIL(home),,total,,under,4.5,409,5.09,435
s;0;ou;6.0,2024-08-15,MLB,LAD(away) vs MIL(home),,total,,over,6.0,-251,1.3984063745019921,-225
s;0;ou;6.0,2024-08-15,MLB,LAD(away) vs MIL(home),,total,,under,6.0,214,3.14,225
s;0;ou;6.5,2024-08-15,MLB,LAD(away) vs MIL(home),,total,,over,6.5,-192,1.5208333333333335,-176
s;0;ou;6.5,2024-08-15,MLB,LAD(away) vs MIL(home),,total,,under,6.5,167,2.67,176
s;0;ou;7.0,2024-08-15,MLB,LAD(away) vs MIL(home),,total,,over,7.0,-155,1.6451612903225805,-143
s;0;ou;7.0,2024-08-15,MLB,LAD(away) vs MIL(home),,total,,under,7.0,136,2.3600000000000003,143
s;0;ou;8.0,2024-08-15,MLB,LAD(away) vs MIL(home),,total,,over,8.0,103,2.0300000000000002,109
s;0;ou;8.0,2024-08-15,MLB,LAD(away) vs MIL(home),,total,,under,8.0,-116,1.8620689655172413,-109
s;0;ou;8.5,2024-08-15,MLB,LAD(away) vs MIL(home),,total,,over,8.5,120,2.2,127
s;0;ou;8.5,2024-08-15,MLB,LAD(away) vs MIL(home),,total,,under,8.5,-136,1.7352941176470589,-127
s;0;ou;9.0,2024-08-15,MLB,LAD(away) vs MIL(home),,total,,over,9.0,154,2.54,162
s;0;ou;9.0,2024-08-15,MLB,LAD(away) vs MIL(home),,total,,under,9.0,-176,1.5681818181818183,-162
s;0;ou;11.5,2024-08-15,MLB,LAD(away) vs MIL(home),,total,,over,11.5,332,4.32,353
s;0;ou;11.5,2024-08-15,MLB,LAD(away) vs MIL(home),,total,,under,11.5,-449,1.22271714922049,-353
s;0;ou;25.5,2024-08-15,MLB,LAD(away) vs MIL(home),,total,,over,25.5,-101,1.99009900990099,109
s;0;ou;25.5,2024-08-15,MLB,LAD(away) vs MIL(home),,total,,under,25.5,-120,1.8333333333333335,-109
pp;0;ou;tb;0.5,2024-08-15,MLB,LAD(away) vs MIL(home),M. Rojas,Total Bases,,over,0.5,-199,1.5025125628140703,-162
pp;0;ou;tb;0.5,2024-08-15,MLB,LAD(away) vs MIL(home),M. Rojas,Total Bases,,under,0.5,144,2.44,162
pp;0;ou;hr;0.5,2024-08-15,MLB,LAD(away) vs MIL(home),F. Freeman,Home Runs,,over,0.5,423,5.23,457
pp;0;ou;hr;0.5,2024-08-15,MLB,LAD(away) vs MIL(home),F. Freeman,Home Runs,,under,0.5,-690,1.144927536231884,-457
pp;0;ou;tb;1.5,2024-08-15,MLB,LAD(away) vs MIL(home),F. Freeman,Total Bases,,over,1.5,112,2.12,127
pp;0;ou;tb;1.5,2024-08-15,MLB,LAD(away) vs MIL(home),F. Freeman,Total Bases,,under,1.5,-150,1.6666666666666665,-127
pp;0;ou;hr;0.5,2024-08-15,MLB,LAD(away) vs MIL(home),E. Hernandez,Home Runs,,over,0.5,630,7.3,676
pp;0;ou;hr;0.5,2024-08-15,MLB,LAD(away) vs MIL(home),E. Hernandez,Home Runs,,under,0.5,-1262,1.0792393026941363,-676
pp;0;ou;tb;0.5,2024-08-15,MLB,LAD(away) vs MIL(home),E. Hernandez,Total Bases,,over,0.5,-167,1.5988023952095807,-140
pp;0;ou;tb;0.5,2024-08-15,MLB,LAD(away) vs MIL(home),E. Hernandez,Total Bases,,under,0.5,124,2.24,140
pp;0;ou;hr;0.5,2024-08-15,MLB,LAD(away) vs MIL(home),M. Betts,Home Runs,,over,0.5,412,5.12,445
pp;0;ou;hr;0.5,2024-08-15,MLB,LAD(away) vs MIL(home),M. Betts,Home Runs,,under,0.5,-665,1.150375939849624,-445
pp;0;ou;tb;1.5,2024-08-15,MLB,LAD(away) vs MIL(home),M. Betts,Total Bases,,over,1.5,107,2.0700000000000003,121
pp;0;ou;tb;1.5,2024-08-15,MLB,LAD(away) vs MIL(home),M. Betts,Total Bases,,under,1.5,-142,1.704225352112676,-121
pp;0;ou;hr;0.5,2024-08-15,MLB,LAD(away) vs MIL(home),T. Hernández,Home Runs,,over,0.5,389,4.890000000000001,421
pp;0;ou;hr;0.5,2024-08-15,MLB,LAD(away) vs MIL(home),T. Hernández,Home Runs,,under,0.5,-614,1.1628664495114007,-421
pp;0;ou;tb;1.5,2024-08-15,MLB,LAD(away) vs MIL(home),T. Hernández,Total Bases,,over,1.5,125,2.25,141
pp;0;ou;tb;1.5,2024-08-15,MLB,LAD(away) vs MIL(home),T. Hernández,Total Bases,,under,1.5,-168,1.5952380952380953,-141
pp;0;ou;so;6.5,2024-08-15,MLB,LAD(away) vs MIL(home),J. Flaherty,Total Strikeouts,,over,6.5,-175,1.5714285714285714,-144
pp;0;ou;so;6.5,2024-08-15,MLB,LAD(away) vs MIL(home),J. Flaherty,Total Strikeouts,,under,6.5,126,2.26,144
pp;0;ou;hita;4.5,2024-08-15,MLB,LAD(away) vs MIL(home),J. Flaherty,Hits Allowed,,over,4.5,-147,1.6802721088435373,-125
pp;0;ou;hita;4.5,2024-08-15,MLB,LAD(away) vs MIL(home),J. Flaherty,Hits Allowed,,under,4.5,110,2.1,125
pp;0;ou;er;1.5,2024-08-15,MLB,LAD(away) vs MIL(home),J. Flaherty,Earned Runs,,over,1.5,-174,1.5747126436781609,-145
pp;0;ou;er;1.5,2024-08-15,MLB,LAD(away) vs MIL(home),J. Flaherty,Earned Runs,,under,1.5,128,2.2800000000000002,145
pp;ou;po;17.5,2024-08-15,MLB,LAD(away) vs MIL(home),J. Flaherty,Pitching Outs,,over,17.5,-155,1.6451612903225805,-131
pp;ou;po;17.5,2024-08-15,MLB,LAD(away) vs MIL(home),J. Flaherty,Pitching Outs,,under,17.5,116,2.16,131
pp;0;ou;hr;0.5,2024-08-15,MLB,LAD(away) vs MIL(home),S. Ohtani,Home Runs,,over,0.5,208,3.08,225
pp;0;ou;hr;0.5,2024-08-15,MLB,LAD(away) vs MIL(home),S. Ohtani,Home Runs,,under,0.5,-273,1.3663003663003663,-225
pp;0;ou;tb;1.5,2024-08-15,MLB,LAD(away) vs MIL(home),S. Ohtani,Total Bases,,over,1.5,-124,1.8064516129032258,-107
pp;0;ou;tb;1.5,2024-08-15,MLB,LAD(away) vs MIL(home),S. Ohtani,Total Bases,,under,1.5,-107,1.9345794392523366,107
pp;0;ou;hr;0.5,2024-08-15,MLB,LAD(away) vs MIL(home),G. Lux,Home Runs,,over,0.5,670,7.7,718
pp;0;ou;hr;0.5,2024-08-15,MLB,LAD(away) vs MIL(home),G. Lux,Home Runs,,under,0.5,-1395,1.07168458781362,-718
pp;0;ou;tb;0.5,2024-08-15,MLB,LAD(away) vs MIL(home),G. Lux,Total Bases,,over,0.5,-201,1.4975124378109452,-164
pp;0;ou;tb;0.5,2024-08-15,MLB,LAD(away) vs MIL(home),G. Lux,Total Bases,,under,0.5,145,2.45,164
pp;0;ou;hr;0.5,2024-08-15,MLB,LAD(away) vs MIL(home),W. Smith,Home Runs,,over,0.5,453,5.53,489
pp;0;ou;hr;0.5,2024-08-15,MLB,LAD(away) vs MIL(home),W. Smith,Home Runs,,under,0.5,-762,1.1312335958005248,-489
pp;0;ou;tb;1.5,2024-08-15,MLB,LAD(away) vs MIL(home),W. Smith,Total Bases,,over,1.5,140,2.4,158
pp;0;ou;tb;1.5,2024-08-15,MLB,LAD(away) vs MIL(home),W. Smith,Total Bases,,under,1.5,-192,1.5208333333333335,-158
pp;0;ou;hr;0.5,2024-08-15,MLB,LAD(away) vs MIL(home),A. Pages,Home Runs,,over,0.5,450,5.5,486
pp;0;ou;hr;0.5,2024-08-15,MLB,LAD(away) vs MIL(home),A. Pages,Home Runs,,under,0.5,-755,1.1324503311258278,-486
pp;0;ou;tb;0.5,2024-08-15,MLB,LAD(away) vs MIL(home),A. Pages,Total Bases,,over,0.5,-145,1.6896551724137931,-124
pp;0;ou;tb;0.5,2024-08-15,MLB,LAD(away) vs MIL(home),A. Pages,Total Bases,,under,0.5,109,2.09,124
pp;0;ou;hr;0.5,2024-08-15,MLB,LAD(away) vs MIL(home),J. Bauers,Home Runs,,over,0.5,567,6.67,610
pp;0;ou;hr;0.5,2024-08-15,MLB,LAD(away) vs MIL(home),J. Bauers,Home Runs,,under,0.5,-1069,1.0935453695042094,-610
pp;0;ou;tb;0.5,2024-08-15,MLB,LAD(away) vs MIL(home),J. Bauers,Total Bases,,over,0.5,107,2.0700000000000003,121
pp;0;ou;tb;0.5,2024-08-15,MLB,LAD(away) vs MIL(home),J. Bauers,Total Bases,,under,0.5,-142,1.704225352112676,-121
pp;0;ou;hr;0.5,2024-08-15,MLB,LAD(away) vs MIL(home),W. Adames,Home Runs,,over,0.5,435,5.35,470
pp;0;ou;hr;0.5,2024-08-15,MLB,LAD(away) vs MIL(home),W. Adames,Home Runs,,under,0.5,-719,1.1390820584144645,-470
pp;0;ou;tb;0.5,2024-08-15,MLB,LAD(away) vs MIL(home),W. Adames,Total Bases,,over,0.5,-188,1.5319148936170213,-155
pp;0;ou;tb;0.5,2024-08-15,MLB,LAD(away) vs MIL(home),W. Adames,Total Bases,,under,0.5,137,2.37,155
pp;0;ou;hr;0.5,2024-08-15,MLB,LAD(away) vs MIL(home),R. Hoskins,Home Runs,,over,0.5,419,5.19,453
pp;0;ou;hr;0.5,2024-08-15,MLB,LAD(away) vs MIL(home),R. Hoskins,Home Runs,,under,0.5,-682,1.1466275659824048,-453
pp;0;ou;tb;0.5,2024-08-15,MLB,LAD(away) vs MIL(home),R. Hoskins,Total Bases,,under,0.5,-103,1.970873786407767,111
pp;0;ou;tb;0.5,2024-08-15,MLB,LAD(away) vs MIL(home),R. Hoskins,Total Bases,,over,0.5,-129,1.7751937984496124,-111
pp;0;ou;hr;0.5,2024-08-15,MLB,LAD(away) vs MIL(home),W. Contreras,Home Runs,,over,0.5,445,5.45,480
pp;0;ou;hr;0.5,2024-08-15,MLB,LAD(away) vs MIL(home),W. Contreras,Home Runs,,under,0.5,-743,1.1345895020188426,-480
pp;0;ou;tb;1.5,2024-08-15,MLB,LAD(away) vs MIL(home),W. Contreras,Total Bases,,over,1.5,148,2.48,167
pp;0;ou;tb;1.5,2024-08-15,MLB,LAD(away) vs MIL(home),W. Contreras,Total Bases,,under,1.5,-205,1.4878048780487805,-167
pp;0;ou;tb;1.5,2024-08-15,MLB,LAD(away) vs MIL(home),B. Turang,Total Bases,,over,1.5,162,2.62,182
pp;0;ou;tb;1.5,2024-08-15,MLB,LAD(away) vs MIL(home),B. Turang,Total Bases,,under,1.5,-229,1.4366812227074237,-182
pp;0;ou;so;4.5,2024-08-15,MLB,LAD(away) vs MIL(home),T. Myers,Total Strikeouts,,over,4.5,-157,1.6369426751592355,-133
pp;0;ou;so;4.5,2024-08-15,MLB,LAD(away) vs MIL(home),T. Myers,Total Strikeouts,,under,4.5,117,2.17,133
pp;0;ou;hita;5.5,2024-08-15,MLB,LAD(away) vs MIL(home),T. Myers,Hits Allowed,,over,5.5,117,2.17,133
pp;0;ou;hita;5.5,2024-08-15,MLB,LAD(away) vs MIL(home),T. Myers,Hits Allowed,,under,5.5,-157,1.6369426751592355,-133
pp;0;ou;er;2.5,2024-08-15,MLB,LAD(away) vs MIL(home),T. Myers,Earned Runs,,over,2.5,-126,1.7936507936507935,-109
pp;0;ou;er;2.5,2024-08-15,MLB,LAD(away) vs MIL(home),T. Myers,Earned Runs,,under,2.5,-105,1.9523809523809523,109
pp;ou;po;17.5,2024-08-15,MLB,LAD(away) vs MIL(home),T. Myers,Pitching Outs,,over,17.5,121,2.21,142
pp;ou;po;17.5,2024-08-15,MLB,LAD(away) vs MIL(home),T. Myers,Pitching Outs,,under,17.5,-180,1.5555555555555556,-142
pp;0;ou;hr;0.5,2024-08-15,MLB,LAD(away) vs MIL(home),G. Mitchell,Home Runs,,over,0.5,837,9.37,893
pp;0;ou;hr;0.5,2024-08-15,MLB,LAD(away) vs MIL(home),G. Mitchell,Home Runs,,under,0.5,-2033,1.0491883915395968,-893
pp;0;ou;tb;0.5,2024-08-15,MLB,LAD(away) vs MIL(home),G. Mitchell,Total Bases,,over,0.5,-132,1.7575757575757576,-114
pp;0;ou;tb;0.5,2024-08-15,MLB,LAD(away) vs MIL(home),G. Mitchell,Total Bases,,under,0.5,-100,2.0,114
pp;0;ou;tb;0.5,2024-08-15,MLB,LAD(away) vs MIL(home),S. Frelick,Total Bases,,over,0.5,-141,1.7092198581560285,-121
pp;0;ou;tb;0.5,2024-08-15,MLB,LAD(away) vs MIL(home),S. Frelick,Total Bases,,under,0.5,106,2.06,121
pp;0;ou;tb;0.5,2024-08-15,MLB,LAD(away) vs MIL(home),J. Ortiz,Total Bases,,over,0.5,-148,1.6756756756756757,-126
pp;0;ou;tb;0.5,2024-08-15,MLB,LAD(away) vs MIL(home),J. Ortiz,Total Bases,,under,0.5,111,2.1100000000000003,126
pp;0;ou;hr;0.5,2024-08-15,MLB,LAD(away) vs MIL(home),J. Chourio,Home Runs,,over,0.5,627,7.27,673
pp;0;ou;hr;0.5,2024-08-15,MLB,LAD(away) vs MIL(home),J. Chourio,Home Runs,,under,0.5,-1254,1.079744816586922,-673
pp;0;ou;tb;1.5,2024-08-15,MLB,LAD(away) vs MIL(home),J. Chourio,Total Bases,,over,1.5,151,2.51,170
pp;0;ou;tb;1.5,2024-08-15,MLB,LAD(away) vs MIL(home),J. Chourio,Total Bases,,under,1.5,-211,1.4739336492890995,-170
s;0;m,2024-08-15,MLB,OAK(away) vs NYM(home),,moneyline,home,,,-176,1.5681818181818183,-166
s;0;m,2024-08-15,MLB,OAK(away) vs NYM(home),,moneyline,away,,,161,2.6100000000000003,166
s;0;tt;4.5;home,2024-08-15,MLB,OAK(away) vs NYM(home),,team_total,home,over,4.5,-116,1.8620689655172413,-107
s;0;tt;4.5;home,2024-08-15,MLB,OAK(away) vs NYM(home),,team_total,home,under,4.5,-101,1.99009900990099,107
s;0;tt;3.5;away,2024-08-15,MLB,OAK(away) vs NYM(home),,team_total,away,over,3.5,-110,1.9090909090909092,-102
s;0;tt;3.5;away,2024-08-15,MLB,OAK(away) vs NYM(home),,team_total,away,under,3.5,-106,1.9433962264150944,102
s;0;s;-1.5,2024-08-15,MLB,OAK(away) vs NYM(home),,spread,home,,-1.5,120,2.2,125
s;0;s;-1.5,2024-08-15,MLB,OAK(away) vs NYM(home),,spread,away,,1.5,-132,1.7575757575757576,-125
s;0;s;1.5,2024-08-15,MLB,OAK(away) vs NYM(home),,spread,home,,1.5,-307,1.3257328990228012,-259
s;0;s;1.5,2024-08-15,MLB,OAK(away) vs NYM(home),,spread,away,,-1.5,243,3.43,259
s;0;s;1.0,2024-08-15,MLB,OAK(away) vs NYM(home),,spread,home,,1.0,-257,1.3891050583657587,-225
s;0;s;1.0,2024-08-15,MLB,OAK(away) vs NYM(home),,spread,away,,-1.0,213,3.13,225
s;0;s;-1.0,2024-08-15,MLB,OAK(away) vs NYM(home),,spread,home,,-1.0,-126,1.7936507936507935,-118
s;0;s;-1.0,2024-08-15,MLB,OAK(away) vs NYM(home),,spread,away,,1.0,112,2.12,118
s;0;s;-2.0,2024-08-15,MLB,OAK(away) vs NYM(home),,spread,home,,-2.0,156,2.56,164
s;0;s;-2.0,2024-08-15,MLB,OAK(away) vs NYM(home),,spread,away,,2.0,-178,1.5617977528089888,-164
s;0;s;-2.5,2024-08-15,MLB,OAK(away) vs NYM(home),,spread,home,,-2.5,183,2.83,193
s;0;s;-2.5,2024-08-15,MLB,OAK(away) vs NYM(home),,spread,away,,2.5,-216,1.462962962962963,-193
s;0;s;-3.0,2024-08-15,MLB,OAK(away) vs NYM(home),,spread,home,,-3.0,242,3.42,258
s;0;s;-3.0,2024-08-15,MLB,OAK(away) vs NYM(home),,spread,away,,3.0,-307,1.3257328990228012,-258
s;0;ou;8.5,2024-08-15,MLB,OAK(away) vs NYM(home),,total,,over,8.5,-109,1.9174311926605505,-103
s;0;ou;8.5,2024-08-15,MLB,OAK(away) vs NYM(home),,total,,under,8.5,-103,1.970873786407767,103
s;0;ou;5.5,2024-08-15,MLB,OAK(away) vs NYM(home),,total,,over,5.5,-400,1.25,-322
s;0;ou;5.5,2024-08-15,MLB,OAK(away) vs NYM(home),,total,,under,5.5,302,4.02,322
s;0;ou;7.0,2024-08-15,MLB,OAK(away) vs NYM(home),,total,,over,7.0,-215,1.4651162790697674,-195
s;0;ou;7.0,2024-08-15,MLB,OAK(away) vs NYM(home),,total,,under,7.0,186,2.8600000000000003,195
s;0;ou;7.5,2024-08-15,MLB,OAK(away) vs NYM(home),,total,,over,7.5,-153,1.65359477124183,-142
s;0;ou;7.5,2024-08-15,MLB,OAK(away) vs NYM(home),,total,,under,7.5,135,2.35,142
s;0;ou;8.0,2024-08-15,MLB,OAK(away) vs NYM(home),,total,,over,8.0,-131,1.7633587786259541,-122
s;0;ou;8.0,2024-08-15,MLB,OAK(away) vs NYM(home),,total,,under,8.0,116,2.16,122
s;0;ou;9.0,2024-08-15,MLB,OAK(away) vs NYM(home),,total,,over,9.0,116,2.16,122
s;0;ou;9.0,2024-08-15,MLB,OAK(away) vs NYM(home),,total,,under,9.0,-130,1.7692307692307692,-122
s;0;ou;9.5,2024-08-15,MLB,OAK(away) vs NYM(home),,total,,over,9.5,140,2.4,147
s;0;ou;9.5,2024-08-15,MLB,OAK(away) vs NYM(home),,total,,under,9.5,-159,1.6289308176100628,-147
s;0;ou;10.0,2024-08-15,MLB,OAK(away) vs NYM(home),,total,,over,10.0,167,2.67,176
s;0;ou;10.0,2024-08-15,MLB,OAK(away) vs NYM(home),,total,,under,10.0,-192,1.5208333333333335,-176
s;0;ou;12.5,2024-08-15,MLB,OAK(away) vs NYM(home),,total,,over,12.5,337,4.37,359
s;0;ou;12.5,2024-08-15,MLB,OAK(away) vs NYM(home),,total,,under,12.5,-458,1.2183406113537119,-359
s;0;ou;26.5,2024-08-15,MLB,OAK(away) vs NYM(home),,total,,over,26.5,105,2.05,115
s;0;ou;26.5,2024-08-15,MLB,OAK(away) vs NYM(home),,total,,under,26.5,-127,1.7874015748031495,-115
pp;0;ou;so;4.5,2024-08-15,MLB,OAK(away) vs NYM(home),J. Quintana,Total Strikeouts,,under,4.5,128,2.2800000000000002,144
pp;0;ou;so;4.5,2024-08-15,MLB,OAK(away) vs NYM(home),J. Quintana,Total Strikeouts,,over,4.5,-173,1.5780346820809248,-144
pp;0;ou;hita;4.5,2024-08-15,MLB,OAK(away) vs NYM(home),J. Quintana,Hits Allowed,,over,4.5,-153,1.65359477124183,-129
pp;0;ou;hita;4.5,2024-08-15,MLB,OAK(away) vs NYM(home),J. Quintana,Hits Allowed,,under,4.5,114,2.1399999999999997,129
pp;0;ou;er;2.5,2024-08-15,MLB,OAK(away) vs NYM(home),J. Quintana,Earned Runs,,over,2.5,113,2.13,128
pp;0;ou;er;2.5,2024-08-15,MLB,OAK(away) vs NYM(home),J. Quintana,Earned Runs,,under,2.5,-150,1.6666666666666665,-128
pp;ou;po;16.5,2024-08-15,MLB,OAK(away) vs NYM(home),J. Quintana,Pitching Outs,,over,16.5,-153,1.65359477124183,-125
pp;ou;po;16.5,2024-08-15,MLB,OAK(away) vs NYM(home),J. Quintana,Pitching Outs,,under,16.5,106,2.06,125
pp;0;ou;hr;0.5,2024-08-15,MLB,OAK(away) vs NYM(home),J. Martinez,Home Runs,,over,0.5,415,5.15,448
pp;0;ou;hr;0.5,2024-08-15,MLB,OAK(away) vs NYM(home),J. Martinez,Home Runs,,under,0.5,-673,1.1485884101040118,-448
pp;0;ou;tb;1.5,2024-08-15,MLB,OAK(away) vs NYM(home),J. Martinez,Total Bases,,over,1.5,132,2.3200000000000003,149
pp;0;ou;tb;1.5,2024-08-15,MLB,OAK(away) vs NYM(home),J. Martinez,Total Bases,,under,1.5,-179,1.558659217877095,-149
pp;0;ou;tb;1.5,2024-08-15,MLB,OAK(away) vs NYM(home),J. Iglesias,Total Bases,,over,1.5,163,2.63,183
pp;0;ou;tb;1.5,2024-08-15,MLB,OAK(away) vs NYM(home),J. Iglesias,Total Bases,,under,1.5,-230,1.434782608695652,-183
pp;0;ou;hr;0.5,2024-08-15,MLB,OAK(away) vs NYM(home),F. Lindor,Home Runs,,over,0.5,301,4.01,326
pp;0;ou;hr;0.5,2024-08-15,MLB,OAK(away) vs NYM(home),F. Lindor,Home Runs,,under,0.5,-433,1.2309468822170901,-326
pp;0;ou;tb;1.5,2024-08-15,MLB,OAK(away) vs NYM(home),F. Lindor,Total Bases,,over,1.5,-104,1.9615384615384617,110
pp;0;ou;tb;1.5,2024-08-15,MLB,OAK(away) vs NYM(home),F. Lindor,Total Bases,,under,1.5,-128,1.78125,-110
pp;0;ou;hr;0.5,2024-08-15,MLB,OAK(away) vs NYM(home),B. Nimmo,Home Runs,,over,0.5,401,5.01,433
pp;0;ou;hr;0.5,2024-08-15,MLB,OAK(away) vs NYM(home),B. Nimmo,Home Runs,,under,0.5,-640,1.15625,-433
pp;0;ou;tb;1.5,2024-08-15,MLB,OAK(away) vs NYM(home),B. Nimmo,Total Bases,,over,1.5,124,2.24,140
pp;0;ou;tb;1.5,2024-08-15,MLB,OAK(away) vs NYM(home),B. Nimmo,Total Bases,,under,1.5,-167,1.5988023952095807,-140
pp;0;ou;hr;0.5,2024-08-15,MLB,OAK(away) vs NYM(home),J. Winker,Home Runs,,over,0.5,642,7.42,689
pp;0;ou;hr;0.5,2024-08-15,MLB,OAK(away) vs NYM(home),J. Winker,Home Runs,,under,0.5,-1303,1.076745970836531,-689
pp;0;ou;tb;0.5,2024-08-15,MLB,OAK(away) vs NYM(home),J. Winker,Total Bases,,over,0.5,-178,1.5617977528089888,-148
pp;0;ou;tb;0.5,2024-08-15,MLB,OAK(away) vs NYM(home),J. Winker,Total Bases,,under,0.5,131,2.31,148
pp;0;ou;hr;0.5,2024-08-15,MLB,OAK(away) vs NYM(home),M. Andujar,Home Runs,,over,0.5,746,8.46,798
pp;0;ou;hr;0.5,2024-08-15,MLB,OAK(away) vs NYM(home),M. Andujar,Home Runs,,under,0.5,-1667,1.05998800239952,-798
pp;0;ou;tb;1.5,2024-08-15,MLB,OAK(away) vs NYM(home),M. Andujar,Total Bases,,over,1.5,131,2.31,148
pp;0;ou;tb;1.5,2024-08-15,MLB,OAK(away) vs NYM(home),M. Andujar,Total Bases,,under,1.5,-177,1.5649717514124295,-148
pp;0;ou;hr;0.5,2024-08-15,MLB,OAK(away) vs NYM(home),L. Torrens,Home Runs,,over,0.5,885,9.85,943
pp;0;ou;hr;0.5,2024-08-15,MLB,OAK(away) vs NYM(home),L. Torrens,Home Runs,,under,0.5,-2242,1.0446030330062444,-943
pp;0;ou;tb;0.5,2024-08-15,MLB,OAK(away) vs NYM(home),L. Torrens,Total Bases,,over,0.5,-175,1.5714285714285714,-146
pp;0;ou;tb;0.5,2024-08-15,MLB,OAK(away) vs NYM(home),L. Torrens,Total Bases,,under,0.5,129,2.29,146
pp;0;ou;hr;0.5,2024-08-15,MLB,OAK(away) vs NYM(home),P. Alonso,Home Runs,,over,0.5,406,5.06,439
pp;0;ou;hr;0.5,2024-08-15,MLB,OAK(away) vs NYM(home),P. Alonso,Home Runs,,under,0.5,-651,1.1536098310291858,-439
pp;0;ou;tb;0.5,2024-08-15,MLB,OAK(away) vs NYM(home),P. Alonso,Total Bases,,over,0.5,-198,1.5050505050505052,-162
pp;0;ou;tb;0.5,2024-08-15,MLB,OAK(away) vs NYM(home),P. Alonso,Total Bases,,under,0.5,144,2.44,162
pp;0;ou;hr;0.5,2024-08-15,MLB,OAK(away) vs NYM(home),J. McNeil,Home Runs,,over,0.5,549,6.49,591
pp;0;ou;hr;0.5,2024-08-15,MLB,OAK(away) vs NYM(home),J. McNeil,Home Runs,,under,0.5,-1018,1.0982318271119842,-591
pp;0;ou;tb;1.5,2024-08-15,MLB,OAK(away) vs NYM(home),J. McNeil,Total Bases,,over,1.5,148,2.48,167
pp;0;ou;tb;1.5,2024-08-15,MLB,OAK(away) vs NYM(home),J. McNeil,Total Bases,,under,1.5,-205,1.4878048780487805,-167
pp;0;ou;hr;0.5,2024-08-15,MLB,OAK(away) vs NYM(home),A. Toro,Home Runs,,over,0.5,813,9.13,868
pp;0;ou;hr;0.5,2024-08-15,MLB,OAK(away) vs NYM(home),A. Toro,Home Runs,,under,0.5,-1930,1.0518134715025906,-868
pp;0;ou;tb;1.5,2024-08-15,MLB,OAK(away) vs NYM(home),A. Toro,Total Bases,,over,1.5,154,2.54,173
pp;0;ou;tb;1.5,2024-08-15,MLB,OAK(away) vs NYM(home),A. Toro,Total Bases,,under,1.5,-215,1.4651162790697674,-173
pp;0;ou;hr;0.5,2024-08-15,MLB,OAK(away) vs NYM(home),D. Cameron,Home Runs,,over,0.5,708,8.08,758
pp;0;ou;hr;0.5,2024-08-15,MLB,OAK(away) vs NYM(home),D. Cameron,Home Runs,,under,0.5,-1527,1.065487884741323,-758
pp;0;ou;tb;0.5,2024-08-15,MLB,OAK(away) vs NYM(home),D. Cameron,Total Bases,,over,0.5,-159,1.6289308176100628,-134
pp;0;ou;tb;0.5,2024-08-15,MLB,OAK(away) vs NYM(home),D. Cameron,Total Bases,,under,0.5,118,2.1799999999999997,134
pp;0;ou;hr;0.5,2024-08-15,MLB,OAK(away) vs NYM(home),H. Bader,Home Runs,,over,0.5,805,9.05,860
pp;0;ou;hr;0.5,2024-08-15,MLB,OAK(away) vs NYM(home),H. Bader,Home Runs,,under,0.5,-1897,1.0527148128624144,-860
pp;0;ou;tb;0.5,2024-08-15,MLB,OAK(away) vs NYM(home),H. Bader,Total Bases,,over,0.5,-171,1.5847953216374269,-143
pp;0;ou;tb;0.5,2024-08-15,MLB,OAK(away) vs NYM(home),H. Bader,Total Bases,,under,0.5,127,2.27,143
pp;0;ou;hr;0.5,2024-08-15,MLB,OAK(away) vs NYM(home),J. Bleday,Home Runs,,over,0.5,469,5.69,506
pp;0;ou;hr;0.5,2024-08-15,MLB,OAK(away) vs NYM(home),J. Bleday,Home Runs,,under,0.5,-803,1.12453300124533,-506
pp;0;ou;tb;0.5,2024-08-15,MLB,OAK(away) vs NYM(home),J. Bleday,Total Bases,,over,0.5,-201,1.4975124378109452,-164
pp;0;ou;tb;0.5,2024-08-15,MLB,OAK(away) vs NYM(home),J. Bleday,Total Bases,,under,0.5,145,2.45,164
pp;0;ou;hr;0.5,2024-08-15,MLB,OAK(away) vs NYM(home),S. Langeliers,Home Runs,,over,0.5,467,5.67,504
pp;0;ou;hr;0.5,2024-08-15,MLB,OAK(away) vs NYM(home),S. Langeliers,Home Runs,,under,0.5,-797,1.125470514429109,-504
pp;0;ou;tb;0.5,2024-08-15,MLB,OAK(away) vs NYM(home),S. Langeliers,Total Bases,,over,0.5,-195,1.5128205128205128,-160
pp;0;ou;tb;0.5,2024-08-15,MLB,OAK(away) vs NYM(home),S. Langeliers,Total Bases,,under,0.5,142,2.42,160
pp;0;ou;hr;0.5,2024-08-15,MLB,OAK(away) vs NYM(home),A. Alvarez,Home Runs,,over,0.5,679,7.79,728
pp;0;ou;hr;0.5,2024-08-15,MLB,OAK(away) vs NYM(home),A. Alvarez,Home Runs,,under,0.5,-1427,1.0700770847932726,-728
pp;0;ou;tb;0.5,2024-08-15,MLB,OAK(away) vs NYM(home),A. Alvarez,Total Bases,,under,0.5,114,2.1399999999999997,129
pp;0;ou;tb;0.5,2024-08-15,MLB,OAK(away) vs NYM(home),A. Alvarez,Total Bases,,over,0.5,-153,1.65359477124183,-129
pp;0;ou;hr;0.5,2024-08-15,MLB,OAK(away) vs NYM(home),L. Butler,Home Runs,,over,0.5,563,6.63,606
pp;0;ou;hr;0.5,2024-08-15,MLB,OAK(away) vs NYM(home),L. Butler,Home Runs,,under,0.5,-1057,1.0946073793755913,-606
pp;0;ou;tb;1.5,2024-08-15,MLB,OAK(away) vs NYM(home),L. Butler,Total Bases,,over,1.5,150,2.5,169
pp;0;ou;tb;1.5,2024-08-15,MLB,OAK(away) vs NYM(home),L. Butler,Total Bases,,under,1.5,-209,1.4784688995215312,-169
pp;0;ou;tb;0.5,2024-08-15,MLB,OAK(away) vs NYM(home),M. Schuemann,Total Bases,,over,0.5,-130,1.7692307692307692,-112
pp;0;ou;tb;0.5,2024-08-15,MLB,OAK(away) vs NYM(home),M. Schuemann,Total Bases,,under,0.5,-102,1.9803921568627452,112
pp;0;ou;hr;0.5,2024-08-15,MLB,OAK(away) vs NYM(home),Z. Gelof,Home Runs,,over,0.5,748,8.48,800
pp;0;ou;hr;0.5,2024-08-15,MLB,OAK(away) vs NYM(home),Z. Gelof,Home Runs,,under,0.5,-1675,1.0597014925373134,-800
pp;0;ou;tb;0.5,2024-08-15,MLB,OAK(away) vs NYM(home),Z. Gelof,Total Bases,,over,0.5,-115,1.8695652173913042,100
pp;0;ou;tb;0.5,2024-08-15,MLB,OAK(away) vs NYM(home),Z. Gelof,Total Bases,,under,0.5,-115,1.8695652173913042,100
pp;0;ou;so;3.5,2024-08-15,MLB,OAK(away) vs NYM(home),M. Spence,Total Strikeouts,,over,3.5,-171,1.5847953216374269,-141
pp;0;ou;so;3.5,2024-08-15,MLB,OAK(away) vs NYM(home),M. Spence,Total Strikeouts,,under,3.5,123,2.23,141
pp;0;ou;hita;4.5,2024-08-15,MLB,OAK(away) vs NYM(home),M. Spence,Hits Allowed,,over,4.5,-178,1.5617977528089888,-146
pp;0;ou;hita;4.5,2024-08-15,MLB,OAK(away) vs NYM(home),M. Spence,Hits Allowed,,under,4.5,128,2.2800000000000002,146
pp;0;ou;er;2.5,2024-08-15,MLB,OAK(away) vs NYM(home),M. Spence,Earned Runs,,over,2.5,-102,1.9803921568627452,112
pp;0;ou;er;2.5,2024-08-15,MLB,OAK(away) vs NYM(home),M. Spence,Earned Runs,,under,2.5,-129,1.7751937984496124,-112
pp;ou;po;15.5,2024-08-15,MLB,OAK(away) vs NYM(home),M. Spence,Pitching Outs,,over,15.5,-134,1.7462686567164178,-111
pp;ou;po;15.5,2024-08-15,MLB,OAK(away) vs NYM(home),M. Spence,Pitching Outs,,under,15.5,-107,1.9345794392523366,111
s;0;m,2024-08-15,MLB,ATL(away) vs SF(home),,moneyline,home,,,-110,1.9090909090909092,-106
s;0;m,2024-08-15,MLB,ATL(away) vs SF(home),,moneyline,away,,,102,2.02,106
s;0;tt;3.5;home,2024-08-15,MLB,ATL(away) vs SF(home),,team_total,home,over,3.5,-103,1.970873786407767,105
s;0;tt;3.5;home,2024-08-15,MLB,ATL(away) vs SF(home),,team_total,home,under,3.5,-113,1.8849557522123894,-105
s;0;tt;3.5;away,2024-08-15,MLB,ATL(away) vs SF(home),,team_total,away,over,3.5,-106,1.9433962264150944,102
s;0;tt;3.5;away,2024-08-15,MLB,ATL(away) vs SF(home),,team_total,away,under,3.5,-110,1.9090909090909092,-102
s;0;s;1.5,2024-08-15,MLB,ATL(away) vs SF(home),,spread,home,,1.5,-195,1.5128205128205128,-181
s;0;s;1.5,2024-08-15,MLB,ATL(away) vs SF(home),,spread,away,,-1.5,174,2.74,181
s;0;s;3.0,2024-08-15,MLB,ATL(away) vs SF(home),,spread,home,,3.0,-516,1.193798449612403,-394
s;0;s;3.0,2024-08-15,MLB,ATL(away) vs SF(home),,spread,away,,-3.0,370,4.7,394
s;0;s;2.5,2024-08-15,MLB,ATL(away) vs SF(home),,spread,home,,2.5,-335,1.2985074626865671,-283
s;0;s;2.5,2024-08-15,MLB,ATL(away) vs SF(home),,spread,away,,-2.5,268,3.68,283
s;0;s;2.0,2024-08-15,MLB,ATL(away) vs SF(home),,spread,home,,2.0,-283,1.353356890459364,-250
s;0;s;2.0,2024-08-15,MLB,ATL(away) vs SF(home),,spread,away,,-2.0,238,3.38,250
s;0;s;1.0,2024-08-15,MLB,ATL(away) vs SF(home),,spread,home,,1.0,-156,1.641025641025641,-144
s;0;s;1.0,2024-08-15,MLB,ATL(away) vs SF(home),,spread,away,,-1.0,137,2.37,144
s;0;s;-1.0,2024-08-15,MLB,ATL(away) vs SF(home),,spread,home,,-1.0,140,2.4,148
s;0;s;-1.0,2024-08-15,MLB,ATL(away) vs SF(home),,spread,away,,1.0,-162,1.617283950617284,-148
s;0;s;-1.5,2024-08-15,MLB,ATL(away) vs SF(home),,spread,home,,-1.5,190,2.9,203
s;0;s;-1.5,2024-08-15,MLB,ATL(away) vs SF(home),,spread,away,,1.5,-232,1.4310344827586206,-203
s;0;ou;7.5,2024-08-15,MLB,ATL(away) vs SF(home),,total,,over,7.5,105,2.05,111
s;0;ou;7.5,2024-08-15,MLB,ATL(away) vs SF(home),,total,,under,7.5,-118,1.847457627118644,-111
s;0;ou;4.5,2024-08-15,MLB,ATL(away) vs SF(home),,total,,over,4.5,-455,1.2197802197802199,-357
s;0;ou;4.5,2024-08-15,MLB,ATL(away) vs SF(home),,total,,under,4.5,335,4.35,357
s;0;ou;6.0,2024-08-15,MLB,ATL(away) vs SF(home),,total,,over,6.0,-202,1.495049504950495,-184
s;0;ou;6.0,2024-08-15,MLB,ATL(away) vs SF(home),,total,,under,6.0,175,2.75,184
s;0;ou;6.5,2024-08-15,MLB,ATL(away) vs SF(home),,total,,over,6.5,-161,1.62111801242236,-149
s;0;ou;6.5,2024-08-15,MLB,ATL(away) vs SF(home),,total,,under,6.5,142,2.42,149
s;0;ou;7.0,2024-08-15,MLB,ATL(away) vs SF(home),,total,,over,7.0,-126,1.7936507936507935,-118
s;0;ou;7.0,2024-08-15,MLB,ATL(away) vs SF(home),,total,,under,7.0,112,2.12,118
s;0;ou;8.0,2024-08-15,MLB,ATL(away) vs SF(home),,total,,over,8.0,127,2.27,134
s;0;ou;8.0,2024-08-15,MLB,ATL(away) vs SF(home),,total,,under,8.0,-143,1.6993006993006992,-134
s;0;ou;8.5,2024-08-15,MLB,ATL(away) vs SF(home),,total,,over,8.5,146,2.46,154
s;0;ou;8.5,2024-08-15,MLB,ATL(away) vs SF(home),,total,,under,8.5,-166,1.6024096385542168,-154
s;0;ou;9.0,2024-08-15,MLB,ATL(away) vs SF(home),,total,,over,9.0,195,2.95,205
s;0;ou;9.0,2024-08-15,MLB,ATL(away) vs SF(home),,total,,under,9.0,-227,1.4405286343612334,-205
s;0;ou;11.5,2024-08-15,MLB,ATL(away) vs SF(home),,total,,over,11.5,431,5.31,458
s;0;ou;11.5,2024-08-15,MLB,ATL(away) vs SF(home),,total,,under,11.5,-629,1.1589825119236883,-458
s;0;ou;24.0,2024-08-15,MLB,ATL(away) vs SF(home),,total,,over,24.0,-126,1.7936507936507935,-114
s;0;ou;24.0,2024-08-15,MLB,ATL(away) vs SF(home),,total,,under,24.0,104,2.04,114
pp;0;ou;tb;1.5,2024-08-15,MLB,ATL(away) vs SF(home),T. d'Arnaud,Total Bases,,over,1.5,149,2.49,168
pp;0;ou;tb;1.5,2024-08-15,MLB,ATL(away) vs SF(home),T. d'Arnaud,Total Bases,,under,1.5,-208,1.4807692307692308,-168
pp;0;ou;hr;0.5,2024-08-15,MLB,ATL(away) vs SF(home),M. Ozuna,Home Runs,,over,0.5,461,5.61,497
pp;0;ou;hr;0.5,2024-08-15,MLB,ATL(away) vs SF(home),M. Ozuna,Home Runs,,under,0.5,-783,1.127713920817369,-497
pp;0;ou;tb;1.5,2024-08-15,MLB,ATL(away) vs SF(home),M. Ozuna,Total Bases,,over,1.5,-102,1.9803921568627452,112
pp;0;ou;tb;1.5,2024-08-15,MLB,ATL(away) vs SF(home),M. Ozuna,Total Bases,,under,1.5,-130,1.7692307692307692,-112
pp;0;ou;hr;0.5,2024-08-15,MLB,ATL(away) vs SF(home),M. Yastrzemski,Home Runs,,over,0.5,859,9.59,916
pp;0;ou;hr;0.5,2024-08-15,MLB,ATL(away) vs SF(home),M. Yastrzemski,Home Runs,,under,0.5,-2125,1.0470588235294118,-916
pp;0;ou;tb;0.5,2024-08-15,MLB,ATL(away) vs SF(home),M. Yastrzemski,Total Bases,,over,0.5,-127,1.7874015748031495,-110
pp;0;ou;tb;0.5,2024-08-15,MLB,ATL(away) vs SF(home),M. Yastrzemski,Total Bases,,under,0.5,-104,1.9615384615384617,110
pp;0;ou;tb;1.5,2024-08-15,MLB,ATL(away) vs SF(home),M. Canha,Total Bases,,over,1.5,159,2.59,179
pp;0;ou;tb;1.5,2024-08-15,MLB,ATL(away) vs SF(home),M. Canha,Total Bases,,under,1.5,-224,1.4464285714285714,-179
pp;0;ou;tb;0.5,2024-08-15,MLB,ATL(away) vs SF(home),C. Casali,Total Bases,,under,0.5,-108,1.925925925925926,106
pp;0;ou;tb;0.5,2024-08-15,MLB,ATL(away) vs SF(home),C. Casali,Total Bases,,over,0.5,-122,1.819672131147541,-106
pp;0;ou;tb;0.5,2024-08-15,MLB,ATL(away) vs SF(home),W. Merrifield,Total Bases,,over,0.5,-203,1.4926108374384237,-165
pp;0;ou;tb;0.5,2024-08-15,MLB,ATL(away) vs SF(home),W. Merrifield,Total Bases,,under,0.5,147,2.4699999999999998,165
pp;0;ou;tb;0.5,2024-08-15,MLB,ATL(away) vs SF(home),O. Arcia,Total Bases,,over,0.5,-216,1.462962962962963,-174
pp;0;ou;tb;0.5,2024-08-15,MLB,ATL(away) vs SF(home),O. Arcia,Total Bases,,under,0.5,154,2.54,174
pp;0;ou;so;5.5,2024-08-15,MLB,ATL(away) vs SF(home),M. Fried,Total Strikeouts,,over,5.5,-145,1.6896551724137931,-120
pp;0;ou;so;5.5,2024-08-15,MLB,ATL(away) vs SF(home),M. Fried,Total Strikeouts,,under,5.5,103,2.0300000000000002,120
pp;0;ou;hita;4.5,2024-08-15,MLB,ATL(away) vs SF(home),M. Fried,Hits Allowed,,over,4.5,-119,1.8403361344537816,-103
pp;0;ou;hita;4.5,2024-08-15,MLB,ATL(away) vs SF(home),M. Fried,Hits Allowed,,under,4.5,-111,1.900900900900901,103
pp;0;ou;er;1.5,2024-08-15,MLB,ATL(away) vs SF(home),M. Fried,Earned Runs,,over,1.5,-127,1.7874015748031495,-110
pp;0;ou;er;1.5,2024-08-15,MLB,ATL(away) vs SF(home),M. Fried,Earned Runs,,under,1.5,-104,1.9615384615384617,110
pp;ou;po;16.5,2024-08-15,MLB,ATL(away) vs SF(home),M. Fried,Pitching Outs,,over,16.5,-181,1.5524861878453038,-143
pp;ou;po;16.5,2024-08-15,MLB,ATL(away) vs SF(home),M. Fried,Pitching Outs,,under,16.5,122,2.2199999999999998,143
pp;0;ou;hr;0.5,2024-08-15,MLB,ATL(away) vs SF(home),M. Olson,Home Runs,,over,0.5,665,7.65,713
pp;0;ou;hr;0.5,2024-08-15,MLB,ATL(away) vs SF(home),M. Olson,Home Runs,,under,0.5,-1380,1.0724637681159421,-713
pp;0;ou;tb;0.5,2024-08-15,MLB,ATL(away) vs SF(home),M. Olson,Total Bases,,over,0.5,-199,1.5025125628140703,-162
pp;0;ou;tb;0.5,2024-08-15,MLB,ATL(away) vs SF(home),M. Olson,Total Bases,,under,0.5,144,2.44,162
pp;0;ou;hr;0.5,2024-08-15,MLB,ATL(away) vs SF(home),M. Chapman,Home Runs,,over,0.5,534,6.34,575
pp;0;ou;hr;0.5,2024-08-15,MLB,ATL(away) vs SF(home),M. Chapman,Home Runs,,under,0.5,-975,1.1025641025641026,-575
pp;0;ou;tb;1.5,2024-08-15,MLB,ATL(away) vs SF(home),M. Chapman,Total Bases,,over,1.5,140,2.4,158
pp;0;ou;tb;1.5,2024-08-15,MLB,ATL(away) vs SF(home),M. Chapman,Total Bases,,under,1.5,-192,1.5208333333333335,-158
pp;0;ou;so;4.5,2024-08-15,MLB,ATL(away) vs SF(home),L. Webb,Total Strikeouts,,over,4.5,-186,1.5376344086021505,-147
pp;0;ou;so;4.5,2024-08-15,MLB,ATL(away) vs SF(home),L. Webb,Total Strikeouts,,under,4.5,126,2.26,147
pp;0;ou;hita;6.5,2024-08-15,MLB,ATL(away) vs SF(home),L. Webb,Hits Allowed,,over,6.5,117,2.17,135
pp;0;ou;hita;6.5,2024-08-15,MLB,ATL(away) vs SF(home),L. Webb,Hits Allowed,,under,6.5,-164,1.6097560975609757,-135
pp;0;ou;er;2.5,2024-08-15,MLB,ATL(away) vs SF(home),L. Webb,Earned Runs,,over,2.5,122,2.2199999999999998,138
pp;0;ou;er;2.5,2024-08-15,MLB,ATL(away) vs SF(home),L. Webb,Earned Runs,,under,2.5,-165,1.606060606060606,-138
pp;ou;po;18.5,2024-08-15,MLB,ATL(away) vs SF(home),L. Webb,Pitching Outs,,over,18.5,-129,1.7751937984496124,-107
pp;ou;po;18.5,2024-08-15,MLB,ATL(away) vs SF(home),L. Webb,Pitching Outs,,under,18.5,-112,1.8928571428571428,107
pp;0;ou;hr;0.5,2024-08-15,MLB,ATL(away) vs SF(home),A. Riley,Home Runs,,over,0.5,705,8.05,755
pp;0;ou;hr;0.5,2024-08-15,MLB,ATL(away) vs SF(home),A. Riley,Home Runs,,under,0.5,-1518,1.0658761528326746,-755
pp;0;ou;tb;1.5,2024-08-15,MLB,ATL(away) vs SF(home),A. Riley,Total Bases,,over,1.5,107,2.0700000000000003,122
pp;0;ou;tb;1.5,2024-08-15,MLB,ATL(away) vs SF(home),A. Riley,Total Bases,,under,1.5,-143,1.6993006993006992,-122
pp;0;ou;hr;0.5,2024-08-15,MLB,ATL(away) vs SF(home),T. Fitzgerald,Home Runs,,over,0.5,805,9.05,860
pp;0;ou;hr;0.5,2024-08-15,MLB,ATL(away) vs SF(home),T. Fitzgerald,Home Runs,,under,0.5,-1897,1.0527148128624144,-860
pp;0;ou;tb;1.5,2024-08-15,MLB,ATL(away) vs SF(home),T. Fitzgerald,Total Bases,,over,1.5,151,2.51,170
pp;0;ou;tb;1.5,2024-08-15,MLB,ATL(away) vs SF(home),T. Fitzgerald,Total Bases,,under,1.5,-210,1.4761904761904763,-170
pp;0;ou;hr;0.5,2024-08-15,MLB,ATL(away) vs SF(home),J. Encarnación,Home Runs,,over,0.5,819,9.19,874
pp;0;ou;hr;0.5,2024-08-15,MLB,ATL(away) vs SF(home),J. Encarnación,Home Runs,,under,0.5,-1954,1.0511770726714431,-874
pp;0;ou;tb;0.5,2024-08-15,MLB,ATL(away) vs SF(home),J. Encarnación,Total Bases,,over,0.5,-164,1.6097560975609757,-138
pp;0;ou;tb;0.5,2024-08-15,MLB,ATL(away) vs SF(home),J. Encarnación,Total Bases,,under,0.5,122,2.2199999999999998,138
pp;0;ou;tb;0.5,2024-08-15,MLB,ATL(away) vs SF(home),C. Schmitt,Total Bases,,over,0.5,-198,1.5050505050505052,-162
pp;0;ou;tb;0.5,2024-08-15,MLB,ATL(away) vs SF(home),C. Schmitt,Total Bases,,under,0.5,144,2.44,162
pp;0;ou;hr;0.5,2024-08-15,MLB,ATL(away) vs SF(home),H. Ramos,Home Runs,,over,0.5,739,8.39,791
pp;0;ou;hr;0.5,2024-08-15,MLB,ATL(away) vs SF(home),H. Ramos,Home Runs,,under,0.5,-1641,1.060938452163315,-791
pp;0;ou;tb;1.5,2024-08-15,MLB,ATL(away) vs SF(home),H. Ramos,Total Bases,,over,1.5,145,2.45,164
pp;0;ou;tb;1.5,2024-08-15,MLB,ATL(away) vs SF(home),H. Ramos,Total Bases,,under,1.5,-201,1.4975124378109452,-164
pp;0;ou;tb;1.5,2024-08-15,MLB,ATL(away) vs SF(home),M. Harris II,Total Bases,,over,1.5,129,2.29,145
pp;0;ou;tb;1.5,2024-08-15,MLB,ATL(away) vs SF(home),M. Harris II,Total Bases,,under,1.5,-174,1.5747126436781609,-145
pp;0;ou;tb;0.5,2024-08-15,MLB,ATL(away) vs SF(home),J. Kelenic,Total Bases,,over,0.5,-150,1.6666666666666665,-127
pp;0;ou;tb;0.5,2024-08-15,MLB,ATL(away) vs SF(home),J. Kelenic,Total Bases,,under,0.5,112,2.12,127
pp;0;ou;tb;0.5,2024-08-15,MLB,ATL(away) vs SF(home),G. McCray,Total Bases,,over,0.5,-118,1.847457627118644,-102
pp;0;ou;tb;0.5,2024-08-15,MLB,ATL(away) vs SF(home),G. McCray,Total Bases,,under,0.5,-112,1.8928571428571428,102
pp;0;ou;hr;0.5,2024-08-15,MLB,ATL(away) vs SF(home),A. Duvall,Home Runs,,over,0.5,791,8.91,845
pp;0;ou;hr;0.5,2024-08-15,MLB,ATL(away) vs SF(home),A. Duvall,Home Runs,,under,0.5,-1842,1.0542888165038002,-845
pp;0;ou;tb;0.5,2024-08-15,MLB,ATL(away) vs SF(home),A. Duvall,Total Bases,,over,0.5,-175,1.5714285714285714,-146
pp;0;ou;tb;0.5,2024-08-15,MLB,ATL(away) vs SF(home),A. Duvall,Total Bases,,under,0.5,129,2.29,146
s;0;m,2024-08-15,MLB,MIN(away) vs TEX(home),,moneyline,home,,,105,2.05,109
s;0;m,2024-08-15,MLB,MIN(away) vs TEX(home),,moneyline,away,,,-113,1.8849557522123894,-109
s;0;tt;3.5;home,2024-08-15,MLB,MIN(away) vs TEX(home),,team_total,home,over,3.5,-126,1.7936507936507935,-116
s;0;tt;3.5;home,2024-08-15,MLB,MIN(away) vs TEX(home),,team_total,home,under,3.5,108,2.08,116
s;0;tt;4.5;away,2024-08-15,MLB,MIN(away) vs TEX(home),,team_total,away,over,4.5,109,2.09,117
s;0;tt;4.5;away,2024-08-15,MLB,MIN(away) vs TEX(home),,team_total,away,under,4.5,-128,1.78125,-117
s;0;s;1.5,2024-08-15,MLB,MIN(away) vs TEX(home),,spread,home,,1.5,-159,1.6289308176100628,-149
s;0;s;1.5,2024-08-15,MLB,MIN(away) vs TEX(home),,spread,away,,-1.5,143,2.4299999999999997,149
s;0;s;3.0,2024-08-15,MLB,MIN(away) vs TEX(home),,spread,home,,3.0,-382,1.2617801047120418,-310
s;0;s;3.0,2024-08-15,MLB,MIN(away) vs TEX(home),,spread,away,,-3.0,291,3.91,310
s;0;s;2.5,2024-08-15,MLB,MIN(away) vs TEX(home),,spread,home,,2.5,-263,1.3802281368821292,-230
s;0;s;2.5,2024-08-15,MLB,MIN(away) vs TEX(home),,spread,away,,-2.5,218,3.18,230
s;0;s;2.0,2024-08-15,MLB,MIN(away) vs TEX(home),,spread,home,,2.0,-220,1.4545454545454546,-199
s;0;s;2.0,2024-08-15,MLB,MIN(away) vs TEX(home),,spread,away,,-2.0,190,2.9,199
s;0;s;1.0,2024-08-15,MLB,MIN(away) vs TEX(home),,spread,home,,1.0,-128,1.78125,-120
s;0;s;1.0,2024-08-15,MLB,MIN(away) vs TEX(home),,spread,away,,-1.0,113,2.13,120
s;0;s;-1.0,2024-08-15,MLB,MIN(away) vs TEX(home),,spread,home,,-1.0,157,2.5700000000000003,167
s;0;s;-1.0,2024-08-15,MLB,MIN(away) vs TEX(home),,spread,away,,1.0,-184,1.5434782608695652,-167
s;0;s;-1.5,2024-08-15,MLB,MIN(away) vs TEX(home),,spread,home,,-1.5,204,3.04,217
s;0;s;-1.5,2024-08-15,MLB,MIN(away) vs TEX(home),,spread,away,,1.5,-251,1.3984063745019921,-217
s;0;ou;8.5,2024-08-15,MLB,MIN(away) vs TEX(home),,total,,over,8.5,101,2.01,107
s;0;ou;8.5,2024-08-15,MLB,MIN(away) vs TEX(home),,total,,under,8.5,-113,1.8849557522123894,-107
s;0;ou;5.5,2024-08-15,MLB,MIN(away) vs TEX(home),,total,,over,5.5,-354,1.2824858757062148,-292
s;0;ou;5.5,2024-08-15,MLB,MIN(away) vs TEX(home),,total,,under,5.5,274,3.74,292
s;0;ou;7.0,2024-08-15,MLB,MIN(away) vs TEX(home),,total,,over,7.0,-191,1.5235602094240837,-175
s;0;ou;7.0,2024-08-15,MLB,MIN(away) vs TEX(home),,total,,under,7.0,167,2.67,175
s;0;ou;7.5,2024-08-15,MLB,MIN(away) vs TEX(home),,total,,over,7.5,-138,1.7246376811594204,-129
s;0;ou;7.5,2024-08-15,MLB,MIN(away) vs TEX(home),,total,,under,7.5,123,2.23,129
s;0;ou;8.0,2024-08-15,MLB,MIN(away) vs TEX(home),,total,,over,8.0,-118,1.847457627118644,-111
s;0;ou;8.0,2024-08-15,MLB,MIN(away) vs TEX(home),,total,,under,8.0,105,2.05,111
s;0;ou;9.0,2024-08-15,MLB,MIN(away) vs TEX(home),,total,,over,9.0,126,2.26,133
s;0;ou;9.0,2024-08-15,MLB,MIN(away) vs TEX(home),,total,,under,9.0,-143,1.6993006993006992,-133
s;0;ou;9.5,2024-08-15,MLB,MIN(away) vs TEX(home),,total,,over,9.5,150,2.5,158
s;0;ou;9.5,2024-08-15,MLB,MIN(away) vs TEX(home),,total,,under,9.5,-171,1.5847953216374269,-158
s;0;ou;10.0,2024-08-15,MLB,MIN(away) vs TEX(home),,total,,over,10.0,180,2.8,189
s;0;ou;10.0,2024-08-15,MLB,MIN(away) vs TEX(home),,total,,under,10.0,-208,1.4807692307692308,-189
s;0;ou;12.5,2024-08-15,MLB,MIN(away) vs TEX(home),,total,,over,12.5,360,4.6,383
s;0;ou;12.5,2024-08-15,MLB,MIN(away) vs TEX(home),,total,,under,12.5,-498,1.2008032128514057,-383
s;0;ou;26.0,2024-08-15,MLB,MIN(away) vs TEX(home),,total,,over,26.0,-103,1.970873786407767,107
s;0;ou;26.0,2024-08-15,MLB,MIN(away) vs TEX(home),,total,,under,26.0,-118,1.847457627118644,-107
pp;0;ou;hr;0.5,2024-08-15,MLB,MIN(away) vs TEX(home),C. Santana,Home Runs,,over,0.5,444,5.44,479
pp;0;ou;hr;0.5,2024-08-15,MLB,MIN(away) vs TEX(home),C. Santana,Home Runs,,under,0.5,-740,1.135135135135135,-479
pp;0;ou;tb;1.5,2024-08-15,MLB,MIN(away) vs TEX(home),C. Santana,Total Bases,,over,1.5,133,2.33,150
pp;0;ou;tb;1.5,2024-08-15,MLB,MIN(away) vs TEX(home),C. Santana,Total Bases,,under,1.5,-181,1.5524861878453038,-150
pp;0;ou;hr;0.5,2024-08-15,MLB,MIN(away) vs TEX(home),C. Vazquez,Home Runs,,over,0.5,621,7.21,667
pp;0;ou;hr;0.5,2024-08-15,MLB,MIN(away) vs TEX(home),C. Vazquez,Home Runs,,under,0.5,-1234,1.0810372771474879,-667
pp;0;ou;tb;0.5,2024-08-15,MLB,MIN(away) vs TEX(home),C. Vazquez,Total Bases,,over,0.5,-166,1.6024096385542168,-139
pp;0;ou;tb;0.5,2024-08-15,MLB,MIN(away) vs TEX(home),C. Vazquez,Total Bases,,under,0.5,123,2.23,139
pp;0;ou;hr;0.5,2024-08-15,MLB,MIN(away) vs TEX(home),K. Farmer,Home Runs,,over,0.5,577,6.77,620
pp;0;ou;hr;0.5,2024-08-15,MLB,MIN(away) vs TEX(home),K. Farmer,Home Runs,,under,0.5,-1098,1.0910746812386156,-620
pp;0;ou;tb;0.5,2024-08-15,MLB,MIN(away) vs TEX(home),K. Farmer,Total Bases,,over,0.5,-182,1.5494505494505495,-148
pp;0;ou;tb;0.5,2024-08-15,MLB,MIN(away) vs TEX(home),K. Farmer,Total Bases,,under,0.5,129,2.29,148
pp;0;ou;hr;0.5,2024-08-15,MLB,MIN(away) vs TEX(home),M. Kepler,Home Runs,,over,0.5,481,5.81,519
pp;0;ou;hr;0.5,2024-08-15,MLB,MIN(away) vs TEX(home),M. Kepler,Home Runs,,under,0.5,-834,1.119904076738609,-519
pp;0;ou;tb;1.5,2024-08-15,MLB,MIN(away) vs TEX(home),M. Kepler,Total Bases,,over,1.5,150,2.5,169
pp;0;ou;tb;1.5,2024-08-15,MLB,MIN(away) vs TEX(home),M. Kepler,Total Bases,,under,1.5,-208,1.4807692307692308,-169
pp;0;ou;hr;0.5,2024-08-15,MLB,MIN(away) vs TEX(home),M. Margot,Home Runs,,over,0.5,582,6.82,626
pp;0;ou;hr;0.5,2024-08-15,MLB,MIN(away) vs TEX(home),M. Margot,Home Runs,,under,0.5,-1114,1.0897666068222622,-626
pp;0;ou;tb;1.5,2024-08-15,MLB,MIN(away) vs TEX(home),M. Margot,Total Bases,,over,1.5,124,2.24,142
pp;0;ou;tb;1.5,2024-08-15,MLB,MIN(away) vs TEX(home),M. Margot,Total Bases,,under,1.5,-172,1.5813953488372094,-142
pp;0;ou;so;5.5,2024-08-15,MLB,MIN(away) vs TEX(home),B. Ober,Total Strikeouts,,over,5.5,-128,1.78125,-106
pp;0;ou;so;5.5,2024-08-15,MLB,MIN(away) vs TEX(home),B. Ober,Total Strikeouts,,under,5.5,-113,1.8849557522123894,106
pp;0;ou;hita;4.5,2024-08-15,MLB,MIN(away) vs TEX(home),B. Ober,Hits Allowed,,over,4.5,-157,1.6369426751592355,-133
pp;0;ou;hita;4.5,2024-08-15,MLB,MIN(away) vs TEX(home),B. Ober,Hits Allowed,,under,4.5,117,2.17,133
pp;0;ou;er;2.5,2024-08-15,MLB,MIN(away) vs TEX(home),B. Ober,Earned Runs,,over,2.5,110,2.1,125
pp;0;ou;er;2.5,2024-08-15,MLB,MIN(away) vs TEX(home),B. Ober,Earned Runs,,under,2.5,-147,1.6802721088435373,-125
pp;ou;po;17.5,2024-08-15,MLB,MIN(away) vs TEX(home),B. Ober,Pitching Outs,,over,17.5,-171,1.5847953216374269,-143
pp;ou;po;17.5,2024-08-15,MLB,MIN(away) vs TEX(home),B. Ober,Pitching Outs,,under,17.5,126,2.26,143
pp;0;ou;hr;0.5,2024-08-15,MLB,MIN(away) vs TEX(home),W. Castro,Home Runs,,over,0.5,614,7.14,660
pp;0;ou;hr;0.5,2024-08-15,MLB,MIN(away) vs TEX(home),W. Castro,Home Runs,,under,0.5,-1214,1.0823723228995057,-660
pp;0;ou;tb;1.5,2024-08-15,MLB,MIN(away) vs TEX(home),W. Castro,Total Bases,,over,1.5,147,2.4699999999999998,166
pp;0;ou;tb;1.5,2024-08-15,MLB,MIN(away) vs TEX(home),W. Castro,Total Bases,,under,1.5,-204,1.4901960784313726,-166
pp;0;ou;hr;0.5,2024-08-15,MLB,MIN(away) vs TEX(home),A. Martin,Home Runs,,over,0.5,871,9.71,928
pp;0;ou;hr;0.5,2024-08-15,MLB,MIN(away) vs TEX(home),A. Martin,Home Runs,,under,0.5,-2178,1.0459136822773187,-928
pp;0;ou;tb;0.5,2024-08-15,MLB,MIN(away) vs TEX(home),A. Martin,Total Bases,,over,0.5,-147,1.6802721088435373,-124
pp;0;ou;tb;0.5,2024-08-15,MLB,MIN(away) vs TEX(home),A. Martin,Total Bases,,under,0.5,108,2.08,124
pp;0;ou;hr;0.5,2024-08-15,MLB,MIN(away) vs TEX(home),R. Lewis,Home Runs,,over,0.5,357,4.57,386
pp;0;ou;hr;0.5,2024-08-15,MLB,MIN(away) vs TEX(home),R. Lewis,Home Runs,,under,0.5,-545,1.18348623853211,-386
pp;0;ou;tb;1.5,2024-08-15,MLB,MIN(away) vs TEX(home),R. Lewis,Total Bases,,over,1.5,108,2.08,123
pp;0;ou;tb;1.5,2024-08-15,MLB,MIN(away) vs TEX(home),R. Lewis,Total Bases,,under,1.5,-144,1.6944444444444444,-123
pp;0;ou;hr;0.5,2024-08-15,MLB,MIN(away) vs TEX(home),J. Miranda,Home Runs,,over,0.5,359,4.59,388
pp;0;ou;hr;0.5,2024-08-15,MLB,MIN(away) vs TEX(home),J. Miranda,Home Runs,,under,0.5,-549,1.1821493624772312,-388
pp;0;ou;tb;1.5,2024-08-15,MLB,MIN(away) vs TEX(home),J. Miranda,Total Bases,,over,1.5,105,2.05,120
pp;0;ou;tb;1.5,2024-08-15,MLB,MIN(away) vs TEX(home),J. Miranda,Total Bases,,under,1.5,-140,1.7142857142857144,-120
pp;0;ou;hr;0.5,2024-08-15,MLB,MIN(away) vs TEX(home),M. Semien,Home Runs,,over,0.5,495,5.95,534
pp;0;ou;hr;0.5,2024-08-15,MLB,MIN(away) vs TEX(home),M. Semien,Home Runs,,under,0.5,-869,1.1150747986191023,-534
pp;0;ou;tb;1.5,2024-08-15,MLB,MIN(away) vs TEX(home),M. Semien,Total Bases,,over,1.5,137,2.37,154
pp;0;ou;tb;1.5,2024-08-15,MLB,MIN(away) vs TEX(home),M. Semien,Total Bases,,under,1.5,-187,1.53475935828877,-154
pp;0;ou;hr;0.5,2024-08-15,MLB,MIN(away) vs TEX(home),C. Seager,Home Runs,,over,0.5,301,4.01,326
pp;0;ou;hr;0.5,2024-08-15,MLB,MIN(away) vs TEX(home),C. Seager,Home Runs,,under,0.5,-433,1.2309468822170901,-326
pp;0;ou;tb;1.5,2024-08-15,MLB,MIN(away) vs TEX(home),C. Seager,Total Bases,,over,1.5,101,2.01,115
pp;0;ou;tb;1.5,2024-08-15,MLB,MIN(away) vs TEX(home),C. Seager,Total Bases,,under,1.5,-134,1.7462686567164178,-115
pp;0;ou;hr;0.5,2024-08-15,MLB,MIN(away) vs TEX(home),J. Heim,Home Runs,,over,0.5,650,7.5,698
pp;0;ou;hr;0.5,2024-08-15,MLB,MIN(away) vs TEX(home),J. Heim,Home Runs,,under,0.5,-1330,1.0751879699248121,-698
pp;0;ou;tb;0.5,2024-08-15,MLB,MIN(away) vs TEX(home),J. Heim,Total Bases,,over,0.5,-139,1.7194244604316546,-119
pp;0;ou;tb;0.5,2024-08-15,MLB,MIN(away) vs TEX(home),J. Heim,Total Bases,,under,0.5,104,2.04,119
pp;0;ou;hr;0.5,2024-08-15,MLB,MIN(away) vs TEX(home),N. Lowe,Home Runs,,over,0.5,738,8.379999999999999,790
pp;0;ou;hr;0.5,2024-08-15,MLB,MIN(away) vs TEX(home),N. Lowe,Home Runs,,under,0.5,-1638,1.061050061050061,-790
pp;0;ou;tb;0.5,2024-08-15,MLB,MIN(away) vs TEX(home),N. Lowe,Total Bases,,over,0.5,-157,1.6369426751592355,-133
pp;0;ou;tb;0.5,2024-08-15,MLB,MIN(away) vs TEX(home),N. Lowe,Total Bases,,under,0.5,117,2.17,133
pp;0;ou;hr;0.5,2024-08-15,MLB,MIN(away) vs TEX(home),L. Taveras,Home Runs,,over,0.5,729,8.29,780
pp;0;ou;hr;0.5,2024-08-15,MLB,MIN(away) vs TEX(home),L. Taveras,Home Runs,,under,0.5,-1603,1.0623830318153462,-780
pp;0;ou;tb;0.5,2024-08-15,MLB,MIN(away) vs TEX(home),L. Taveras,Total Bases,,over,0.5,-141,1.7092198581560285,-121
pp;0;ou;tb;0.5,2024-08-15,MLB,MIN(away) vs TEX(home),L. Taveras,Total Bases,,under,0.5,106,2.06,121
pp;0;ou;hr;0.5,2024-08-15,MLB,MIN(away) vs TEX(home),A. Garcia,Home Runs,,over,0.5,357,4.57,386
pp;0;ou;hr;0.5,2024-08-15,MLB,MIN(away) vs TEX(home),A. Garcia,Home Runs,,under,0.5,-545,1.18348623853211,-386
pp;0;ou;tb;0.5,2024-08-15,MLB,MIN(away) vs TEX(home),A. Garcia,Total Bases,,over,0.5,-166,1.6024096385542168,-139
pp;0;ou;tb;0.5,2024-08-15,MLB,MIN(away) vs TEX(home),A. Garcia,Total Bases,,under,0.5,123,2.23,139
pp;0;ou;hr;0.5,2024-08-15,MLB,MIN(away) vs TEX(home),J. H. Smith,Home Runs,,over,0.5,661,7.61,709
pp;0;ou;hr;0.5,2024-08-15,MLB,MIN(away) vs TEX(home),J. H. Smith,Home Runs,,under,0.5,-1365,1.0732600732600732,-709
pp;0;ou;tb;0.5,2024-08-15,MLB,MIN(away) vs TEX(home),J. H. Smith,Total Bases,,over,0.5,-168,1.5952380952380953,-140
pp;0;ou;tb;0.5,2024-08-15,MLB,MIN(away) vs TEX(home),J. H. Smith,Total Bases,,under,0.5,124,2.24,140
pp;0;ou;hr;0.5,2024-08-15,MLB,MIN(away) vs TEX(home),J. Jung,Home Runs,,over,0.5,461,5.61,497
pp;0;ou;hr;0.5,2024-08-15,MLB,MIN(away) vs TEX(home),J. Jung,Home Runs,,under,0.5,-782,1.1278772378516624,-497
pp;0;ou;tb;0.5,2024-08-15,MLB,MIN(away) vs TEX(home),J. Jung,Total Bases,,over,0.5,-198,1.5050505050505052,-161
pp;0;ou;tb;0.5,2024-08-15,MLB,MIN(away) vs TEX(home),J. Jung,Total Bases,,under,0.5,143,2.4299999999999997,161
pp;0;ou;so;4.5,2024-08-15,MLB,MIN(away) vs TEX(home),C. Bradford,Total Strikeouts,,over,4.5,100,2.0,116
pp;0;ou;so;4.5,2024-08-15,MLB,MIN(away) vs TEX(home),C. Bradford,Total Strikeouts,,under,4.5,-137,1.72992700729927,-116
pp;0;ou;hita;5.5,2024-08-15,MLB,MIN(away) vs TEX(home),C. Bradford,Hits Allowed,,over,5.5,109,2.09,124
pp;0;ou;hita;5.5,2024-08-15,MLB,MIN(away) vs TEX(home),C. Bradford,Hits Allowed,,under,5.5,-146,1.6849315068493151,-124
pp;0;ou;er;2.5,2024-08-15,MLB,MIN(away) vs TEX(home),C. Bradford,Earned Runs,,over,2.5,-101,1.99009900990099,115
pp;0;ou;er;2.5,2024-08-15,MLB,MIN(away) vs TEX(home),C. Bradford,Earned Runs,,under,2.5,-138,1.7246376811594204,-115
pp;0;ou;hr;0.5,2024-08-15,MLB,MIN(away) vs TEX(home),W. Langford,Home Runs,,over,0.5,515,6.15,555
pp;0;ou;hr;0.5,2024-08-15,MLB,MIN(away) vs TEX(home),W. Langford,Home Runs,,under,0.5,-923,1.1083423618634887,-555
pp;0;ou;tb;0.5,2024-08-15,MLB,MIN(away) vs TEX(home),W. Langford,Total Bases,,over,0.5,-171,1.5847953216374269,-143
pp;0;ou;tb;0.5,2024-08-15,MLB,MIN(away) vs TEX(home),W. Langford,Total Bases,,under,0.5,127,2.27,143
