Teams,League,Category,Designation,Side,Name,Points,PB Decimal Odds,PB American Odds,Key,Date
CIN(away) vs FLA(home),MLB,Moneyline OF,,home,,0.0,1.8696,-115,s;0;m,2024-08-08
CIN(away) vs FLA(home),MLB,Moneyline OF,,away,,0.0,1.8696,-115,s;0;m,2024-08-08
CIN(away) vs FLA(home),MLB,Run Line,,home,,1.5,1.3637,-275,s;0;s;1.5,2024-08-08
CIN(away) vs FLA(home),MLB,Run Line,,away,,-1.5,3.0,200,s;0;s;1.5,2024-08-08
CIN(away) vs FLA(home),MLB,Total Runs OF,over,,,9.5,2.1,110,s;0;ou;9.5,2024-08-08
CIN(away) vs FLA(home),MLB,Total Runs OF,under,,,9.5,1.6897,-145,s;0;ou;9.5,2024-08-08
CIN(away) vs FLA(home),MLB,Total Runs - AWAYTEAM OF,over,away,,4.5,1.8696,-115,s;0;tt;4.5;away,2024-08-08
CIN(away) vs FLA(home),MLB,Total Runs - AWAYTEAM OF,under,away,,4.5,1.8696,-115,s;0;tt;4.5;away,2024-08-08
CIN(away) vs FLA(home),MLB,Total Runs - HOMETEAM OF,over,home,,4.5,2.0,100,s;0;tt;4.5;home,2024-08-08
CIN(away) vs FLA(home),MLB,Total Runs - HOMETEAM OF,under,home,,4.5,1.7693,-130,s;0;tt;4.5;home,2024-08-08
CIN(away) vs FLA(home),MLB,Player home runs OF,over,,E. De,0.5,15.0,1400,pp;0;ou;hr;0.5,2024-08-08
CIN(away) vs FLA(home),MLB,Player home runs OF,under,,E. De,0.5,1.025,-4000,pp;0;ou;hr;0.5,2024-08-08
CIN(away) vs FLA(home),MLB,Player home runs OF,over,,J. Burger,0.5,11.5,1050,pp;0;ou;hr;0.5,2024-08-08
CIN(away) vs FLA(home),MLB,Player home runs OF,under,,J. Burger,0.5,1.0445,-2247,pp;0;ou;hr;0.5,2024-08-08
CIN(away) vs FLA(home),MLB,Player home runs OF,over,,J. Candelario,0.5,26.0,2500,pp;0;ou;hr;0.5,2024-08-08
CIN(away) vs FLA(home),MLB,Player home runs OF,under,,J. Candelario,0.5,1.008,-12500,pp;0;ou;hr;0.5,2024-08-08
CIN(away) vs FLA(home),MLB,Player home runs OF,over,,J. India,0.5,23.0,2200,pp;0;ou;hr;0.5,2024-08-08
CIN(away) vs FLA(home),MLB,Player home runs OF,under,,J. India,0.5,1.01,-10000,pp;0;ou;hr;0.5,2024-08-08
CIN(away) vs FLA(home),MLB,Player home runs OF,over,,J. Sanchez,0.5,15.0,1400,pp;0;ou;hr;0.5,2024-08-08
CIN(away) vs FLA(home),MLB,Player home runs OF,under,,J. Sanchez,0.5,1.025,-4000,pp;0;ou;hr;0.5,2024-08-08
CIN(away) vs FLA(home),MLB,Player home runs OF,over,,K. Stowers,0.5,11.5,1050,pp;0;ou;hr;0.5,2024-08-08
CIN(away) vs FLA(home),MLB,Player home runs OF,under,,K. Stowers,0.5,1.0445,-2247,pp;0;ou;hr;0.5,2024-08-08
CIN(away) vs FLA(home),MLB,Player home runs OF,over,,N. Marte,0.5,19.0,1800,pp;0;ou;hr;0.5,2024-08-08
CIN(away) vs FLA(home),MLB,Player home runs OF,under,,N. Marte,0.5,1.0143,-6993,pp;0;ou;hr;0.5,2024-08-08
CIN(away) vs FLA(home),MLB,Player home runs OF,over,,O. Lopez,0.5,31.0,3000,pp;0;ou;hr;0.5,2024-08-08
CIN(away) vs FLA(home),MLB,Player home runs OF,under,,O. Lopez,0.5,1.0058,-17241,pp;0;ou;hr;0.5,2024-08-08
CIN(away) vs FLA(home),MLB,Player home runs OF,over,,S. Steer,0.5,21.0,2000,pp;0;ou;hr;0.5,2024-08-08
CIN(away) vs FLA(home),MLB,Player home runs OF,under,,S. Steer,0.5,1.0125,-8000,pp;0;ou;hr;0.5,2024-08-08
CIN(away) vs FLA(home),MLB,Player home runs OF,over,,T. Stephenson,0.5,23.0,2200,pp;0;ou;hr;0.5,2024-08-08
CIN(away) vs FLA(home),MLB,Player home runs OF,under,,T. Stephenson,0.5,1.01,-10000,pp;0;ou;hr;0.5,2024-08-08
LAA(away) vs NYY(home),MLB,Moneyline OF,,home,,0.0,1.0,0,s;0;m,2024-08-08
LAA(away) vs NYY(home),MLB,Moneyline OF,,away,,0.0,1.0,0,s;0;m,2024-08-08
LAA(away) vs NYY(home),MLB,Run Line,,home,,1.5,1.0,0,s;0;s;1.5,2024-08-08
LAA(away) vs NYY(home),MLB,Run Line,,away,,-1.5,1.0,0,s;0;s;1.5,2024-08-08
LAA(away) vs NYY(home),MLB,Total Runs OF,over,,,9.5,1.0,0,s;0;ou;9.5,2024-08-08
LAA(away) vs NYY(home),MLB,Total Runs OF,under,,,9.5,1.0,0,s;0;ou;9.5,2024-08-08
LAA(away) vs NYY(home),MLB,Total Runs - AWAYTEAM OF,over,away,,4.5,1.0,0,s;0;tt;4.5;away,2024-08-08
LAA(away) vs NYY(home),MLB,Total Runs - AWAYTEAM OF,under,away,,4.5,1.0,0,s;0;tt;4.5;away,2024-08-08
LAA(away) vs NYY(home),MLB,Total Runs - HOMETEAM OF,over,home,,4.5,1.0,0,s;0;tt;4.5;home,2024-08-08
LAA(away) vs NYY(home),MLB,Total Runs - HOMETEAM OF,under,home,,4.5,1.0,0,s;0;tt;4.5;home,2024-08-08
LAA(away) vs NYY(home),MLB,Player home runs OF,over,,A. Judge,0.5,1.0,0,pp;0;ou;hr;0.5,2024-08-08
LAA(away) vs NYY(home),MLB,Player home runs OF,under,,A. Judge,0.5,1.0,0,pp;0;ou;hr;0.5,2024-08-08
LAA(away) vs NYY(home),MLB,Player home runs OF,over,,A. Verdugo,0.5,1.0,0,pp;0;ou;hr;0.5,2024-08-08
LAA(away) vs NYY(home),MLB,Player home runs OF,under,,A. Verdugo,0.5,1.0,0,pp;0;ou;hr;0.5,2024-08-08
LAA(away) vs NYY(home),MLB,Player home runs OF,over,,A. Wells,0.5,1.0,0,pp;0;ou;hr;0.5,2024-08-08
LAA(away) vs NYY(home),MLB,Player home runs OF,under,,A. Wells,0.5,1.0,0,pp;0;ou;hr;0.5,2024-08-08
LAA(away) vs NYY(home),MLB,Player home runs OF,over,,B. Drury,0.5,1.0,0,pp;0;ou;hr;0.5,2024-08-08
LAA(away) vs NYY(home),MLB,Player home runs OF,under,,B. Drury,0.5,1.0,0,pp;0;ou;hr;0.5,2024-08-08
LAA(away) vs NYY(home),MLB,Player home runs OF,over,,G. Stanton,0.5,1.0,0,pp;0;ou;hr;0.5,2024-08-08
LAA(away) vs NYY(home),MLB,Player home runs OF,under,,G. Stanton,0.5,1.0,0,pp;0;ou;hr;0.5,2024-08-08
LAA(away) vs NYY(home),MLB,Player home runs OF,over,,G. Torres,0.5,1.0,0,pp;0;ou;hr;0.5,2024-08-08
LAA(away) vs NYY(home),MLB,Player home runs OF,under,,G. Torres,0.5,1.0,0,pp;0;ou;hr;0.5,2024-08-08
LAA(away) vs NYY(home),MLB,Player home runs OF,over,,J. Soto,0.5,1.0,0,pp;0;ou;hr;0.5,2024-08-08
LAA(away) vs NYY(home),MLB,Player home runs OF,under,,J. Soto,0.5,1.0,0,pp;0;ou;hr;0.5,2024-08-08
LAA(away) vs NYY(home),MLB,Player home runs OF,over,,L. O'hoppe,0.5,1.0,0,pp;0;ou;hr;0.5,2024-08-08
LAA(away) vs NYY(home),MLB,Player home runs OF,under,,L. O'hoppe,0.5,1.0,0,pp;0;ou;hr;0.5,2024-08-08
LAA(away) vs NYY(home),MLB,Player home runs OF,over,,M. Moniak,0.5,1.0,0,pp;0;ou;hr;0.5,2024-08-08
LAA(away) vs NYY(home),MLB,Player home runs OF,under,,M. Moniak,0.5,1.0,0,pp;0;ou;hr;0.5,2024-08-08
BAL(away) vs TOR(home),MLB,Moneyline OF,,home,,0.0,1.6061,-165,s;0;m,2024-08-08
BAL(away) vs TOR(home),MLB,Moneyline OF,,away,,0.0,2.25,125,s;0;m,2024-08-08
BAL(away) vs TOR(home),MLB,Run Line,,home,,-1.5,2.35,135,s;0;s;-1.5,2024-08-08
BAL(away) vs TOR(home),MLB,Run Line,,away,,1.5,1.5715,-175,s;0;s;-1.5,2024-08-08
BAL(away) vs TOR(home),MLB,Total Runs OF,over,,,12.5,2.0,100,s;0;ou;12.5,2024-08-08
BAL(away) vs TOR(home),MLB,Total Runs OF,under,,,12.5,1.7693,-130,s;0;ou;12.5,2024-08-08
BAL(away) vs TOR(home),MLB,Total Runs - AWAYTEAM OF,over,away,,5.5,1.8696,-115,s;0;tt;5.5;away,2024-08-08
BAL(away) vs TOR(home),MLB,Total Runs - AWAYTEAM OF,under,away,,5.5,1.8696,-115,s;0;tt;5.5;away,2024-08-08
BAL(away) vs TOR(home),MLB,Total Runs - HOMETEAM OF,over,home,,6.5,2.25,125,s;0;tt;6.5;home,2024-08-08
BAL(away) vs TOR(home),MLB,Total Runs - HOMETEAM OF,under,home,,6.5,1.6061,-165,s;0;tt;6.5;home,2024-08-08
BAL(away) vs TOR(home),MLB,Player home runs OF,over,,A. Barger,0.5,11.5,1050,pp;0;ou;hr;0.5,2024-08-08
BAL(away) vs TOR(home),MLB,Player home runs OF,under,,A. Barger,0.5,1.0445,-2247,pp;0;ou;hr;0.5,2024-08-08
BAL(away) vs TOR(home),MLB,Player home runs OF,over,,A. Kirk,0.5,11.5,1050,pp;0;ou;hr;0.5,2024-08-08
BAL(away) vs TOR(home),MLB,Player home runs OF,under,,A. Kirk,0.5,1.0445,-2247,pp;0;ou;hr;0.5,2024-08-08
BAL(away) vs TOR(home),MLB,Player home runs OF,over,,A. Santander,0.5,8.5,750,pp;0;ou;hr;0.5,2024-08-08
BAL(away) vs TOR(home),MLB,Player home runs OF,under,,A. Santander,0.5,1.0715,-1399,pp;0;ou;hr;0.5,2024-08-08
BAL(away) vs TOR(home),MLB,Player home runs OF,over,,C. Cowser,1.5,11.5,1050,pp;0;ou;hr;1.5,2024-08-08
BAL(away) vs TOR(home),MLB,Player home runs OF,under,,C. Cowser,1.5,1.0445,-2247,pp;0;ou;hr;1.5,2024-08-08
BAL(away) vs TOR(home),MLB,Player home runs OF,over,,D. Varsho,0.5,11.0,1000,pp;0;ou;hr;0.5,2024-08-08
BAL(away) vs TOR(home),MLB,Player home runs OF,under,,D. Varsho,0.5,1.05,-2000,pp;0;ou;hr;0.5,2024-08-08
BAL(away) vs TOR(home),MLB,Player home runs OF,over,,E. Clement,0.5,13.0,1200,pp;0;ou;hr;0.5,2024-08-08
BAL(away) vs TOR(home),MLB,Player home runs OF,under,,E. Clement,0.5,1.0334,-2994,pp;0;ou;hr;0.5,2024-08-08
BAL(away) vs TOR(home),MLB,Player home runs OF,over,,G. Henderson,0.5,9.0,800,pp;0;ou;hr;0.5,2024-08-08
BAL(away) vs TOR(home),MLB,Player home runs OF,under,,G. Henderson,0.5,1.0667,-1499,pp;0;ou;hr;0.5,2024-08-08
BAL(away) vs TOR(home),MLB,Player home runs OF,over,,G. Springer,0.5,8.0,700,pp;0;ou;hr;0.5,2024-08-08
BAL(away) vs TOR(home),MLB,Player home runs OF,under,,G. Springer,0.5,1.08,-1250,pp;0;ou;hr;0.5,2024-08-08
BAL(away) vs TOR(home),MLB,Player home runs OF,over,,J. Holliday,0.5,13.0,1200,pp;0;ou;hr;0.5,2024-08-08
BAL(away) vs TOR(home),MLB,Player home runs OF,under,,J. Holliday,0.5,1.0334,-2994,pp;0;ou;hr;0.5,2024-08-08
BAL(away) vs TOR(home),MLB,Player home runs OF,over,,J. Loperfido,0.5,12.0,1100,pp;0;ou;hr;0.5,2024-08-08
BAL(away) vs TOR(home),MLB,Player home runs OF,under,,J. Loperfido,0.5,1.04,-2500,pp;0;ou;hr;0.5,2024-08-08
BAL(away) vs TOR(home),MLB,Player home runs OF,over,,L. Jimenez,0.5,15.0,1400,pp;0;ou;hr;0.5,2024-08-08
BAL(away) vs TOR(home),MLB,Player home runs OF,under,,L. Jimenez,0.5,1.025,-4000,pp;0;ou;hr;0.5,2024-08-08
BAL(away) vs TOR(home),MLB,Player home runs OF,over,,S. Horwitz,0.5,12.0,1100,pp;0;ou;hr;0.5,2024-08-08
BAL(away) vs TOR(home),MLB,Player home runs OF,under,,S. Horwitz,0.5,1.04,-2500,pp;0;ou;hr;0.5,2024-08-08
BAL(away) vs TOR(home),MLB,Player home runs OF,over,,V. Guerrero,0.5,8.5,750,pp;0;ou;hr;0.5,2024-08-08
BAL(away) vs TOR(home),MLB,Player home runs OF,under,,V. Guerrero,0.5,1.0715,-1399,pp;0;ou;hr;0.5,2024-08-08
BAL(away) vs TOR(home),MLB,Alternate Pitcher Strikeouts,over,,D. Kremer,2.5,1.1429,-700,pp;0;ss;so;2.5,2024-08-08
BAL(away) vs TOR(home),MLB,Alternate Pitcher Strikeouts,over,,D. Kremer,3.5,1.5264,-190,pp;0;ss;so;3.5,2024-08-08
BAL(away) vs TOR(home),MLB,Alternate Pitcher Strikeouts,over,,D. Kremer,4.5,2.45,145,pp;0;ss;so;4.5,2024-08-08
BAL(away) vs TOR(home),MLB,Alternate Pitcher Strikeouts,over,,D. Kremer,5.5,4.75,375,pp;0;ss;so;5.5,2024-08-08
BAL(away) vs TOR(home),MLB,Alternate Pitcher Strikeouts,over,,D. Kremer,6.5,9.5,850,pp;0;ss;so;6.5,2024-08-08
BAL(away) vs TOR(home),MLB,Alternate Pitcher Strikeouts,over,,D. Kremer,7.5,19.0,1800,pp;0;ss;so;7.5,2024-08-08
TB(away) vs STL(home),MLB,Moneyline OF,,home,,0.0,1.4,-250,s;0;m,2024-08-08
TB(away) vs STL(home),MLB,Moneyline OF,,away,,0.0,2.85,185,s;0;m,2024-08-08
TB(away) vs STL(home),MLB,Run Line,,home,,-1.5,1.9524,-105,s;0;s;-1.5,2024-08-08
TB(away) vs STL(home),MLB,Run Line,,away,,1.5,1.8,-125,s;0;s;-1.5,2024-08-08
TB(away) vs STL(home),MLB,Total Runs OF,over,,,11.5,2.1,110,s;0;ou;11.5,2024-08-08
TB(away) vs STL(home),MLB,Total Runs OF,under,,,11.5,1.6897,-145,s;0;ou;11.5,2024-08-08
TB(away) vs STL(home),MLB,Total Runs - AWAYTEAM OF,over,away,,4.5,1.8,-125,s;0;tt;4.5;away,2024-08-08
TB(away) vs STL(home),MLB,Total Runs - AWAYTEAM OF,under,away,,4.5,1.9524,-105,s;0;tt;4.5;away,2024-08-08
TB(away) vs STL(home),MLB,Total Runs - HOMETEAM OF,over,home,,6.5,2.1,110,s;0;tt;6.5;home,2024-08-08
TB(away) vs STL(home),MLB,Total Runs - HOMETEAM OF,under,home,,6.5,1.6897,-145,s;0;tt;6.5;home,2024-08-08
TB(away) vs STL(home),MLB,Player home runs OF,over,,B. Donovan,0.5,15.0,1400,pp;0;ou;hr;0.5,2024-08-08
TB(away) vs STL(home),MLB,Player home runs OF,under,,B. Donovan,0.5,1.025,-4000,pp;0;ou;hr;0.5,2024-08-08
TB(away) vs STL(home),MLB,Player home runs OF,over,,B. Lowe,0.5,5.5,450,pp;0;ou;hr;0.5,2024-08-08
TB(away) vs STL(home),MLB,Player home runs OF,under,,B. Lowe,0.5,1.1334,-750,pp;0;ou;hr;0.5,2024-08-08
TB(away) vs STL(home),MLB,Player home runs OF,over,,B. Rortvedt,0.5,18.0,1700,pp;0;ou;hr;0.5,2024-08-08
TB(away) vs STL(home),MLB,Player home runs OF,under,,B. Rortvedt,0.5,1.0167,-5988,pp;0;ou;hr;0.5,2024-08-08
TB(away) vs STL(home),MLB,Player home runs OF,over,,C. Morel,0.5,5.75,475,pp;0;ou;hr;0.5,2024-08-08
TB(away) vs STL(home),MLB,Player home runs OF,under,,C. Morel,0.5,1.125,-800,pp;0;ou;hr;0.5,2024-08-08
TB(away) vs STL(home),MLB,Player home runs OF,over,,D. Carlson,0.5,14.0,1300,pp;0;ou;hr;0.5,2024-08-08
TB(away) vs STL(home),MLB,Player home runs OF,under,,D. Carlson,0.5,1.0286,-3497,pp;0;ou;hr;0.5,2024-08-08
TB(away) vs STL(home),MLB,Player home runs OF,over,,L. Nootbaar,0.5,14.0,1300,pp;0;ou;hr;0.5,2024-08-08
TB(away) vs STL(home),MLB,Player home runs OF,under,,L. Nootbaar,0.5,1.0286,-3497,pp;0;ou;hr;0.5,2024-08-08
TB(away) vs STL(home),MLB,Player home runs OF,over,,N. Arenado,0.5,10.0,900,pp;0;ou;hr;0.5,2024-08-08
TB(away) vs STL(home),MLB,Player home runs OF,under,,N. Arenado,0.5,1.0572,-1748,pp;0;ou;hr;0.5,2024-08-08
TB(away) vs STL(home),MLB,Player home runs OF,over,,N. Gorman,0.5,6.5,550,pp;0;ou;hr;0.5,2024-08-08
TB(away) vs STL(home),MLB,Player home runs OF,under,,N. Gorman,0.5,1.1,-1000,pp;0;ou;hr;0.5,2024-08-08
TB(away) vs STL(home),MLB,Player home runs OF,over,,P. Goldschmidt,0.5,6.0,500,pp;0;ou;hr;0.5,2024-08-08
TB(away) vs STL(home),MLB,Player home runs OF,under,,P. Goldschmidt,0.5,1.1112,-899,pp;0;ou;hr;0.5,2024-08-08
TB(away) vs STL(home),MLB,Player home runs OF,over,,T. Walls,0.5,12.0,1100,pp;0;ou;hr;0.5,2024-08-08
TB(away) vs STL(home),MLB,Player home runs OF,under,,T. Walls,0.5,1.04,-2500,pp;0;ou;hr;0.5,2024-08-08
TB(away) vs STL(home),MLB,Player home runs OF,over,,W. Contreras,0.5,6.5,550,pp;0;ou;hr;0.5,2024-08-08
TB(away) vs STL(home),MLB,Player home runs OF,under,,W. Contreras,0.5,1.1,-1000,pp;0;ou;hr;0.5,2024-08-08
TB(away) vs STL(home),MLB,Player home runs OF,over,,Y. Diaz,0.5,15.0,1400,pp;0;ou;hr;0.5,2024-08-08
TB(away) vs STL(home),MLB,Player home runs OF,under,,Y. Diaz,0.5,1.025,-4000,pp;0;ou;hr;0.5,2024-08-08
TB(away) vs STL(home),MLB,Alternate Pitcher Strikeouts,over,,K. Gibson,3.5,1.0334,-2994,pp;0;ss;so;3.5,2024-08-08
TB(away) vs STL(home),MLB,Alternate Pitcher Strikeouts,over,,K. Gibson,4.5,1.1334,-750,pp;0;ss;so;4.5,2024-08-08
TB(away) vs STL(home),MLB,Alternate Pitcher Strikeouts,over,,K. Gibson,5.5,1.4,-250,pp;0;ss;so;5.5,2024-08-08
TB(away) vs STL(home),MLB,Alternate Pitcher Strikeouts,over,,K. Gibson,6.5,2.0,100,pp;0;ss;so;6.5,2024-08-08
TB(away) vs STL(home),MLB,Alternate Pitcher Strikeouts,over,,K. Gibson,7.5,3.3,230,pp;0;ss;so;7.5,2024-08-08
TB(away) vs STL(home),MLB,Alternate Pitcher Strikeouts,over,,K. Gibson,8.5,5.75,475,pp;0;ss;so;8.5,2024-08-08
TB(away) vs STL(home),MLB,Alternate Pitcher Strikeouts,over,,K. Gibson,9.5,11.5,1050,pp;0;ss;so;9.5,2024-08-08
PHI(away) vs ARI(home),MLB,Moneyline OF,,home,,0.0,1.7693,-130,s;0;m,2024-08-08
PHI(away) vs ARI(home),MLB,Moneyline OF,,away,,0.0,2.1,110,s;0;m,2024-08-08
PHI(away) vs ARI(home),MLB,Run Line,,home,,-1.5,2.5,150,s;0;s;-1.5,2024-08-08
PHI(away) vs ARI(home),MLB,Run Line,,away,,1.5,1.5556,-180,s;0;s;-1.5,2024-08-08
PHI(away) vs ARI(home),MLB,Total Runs OF,over,,,10.0,1.8696,-115,s;0;ou;10.0,2024-08-08
PHI(away) vs ARI(home),MLB,Total Runs OF,under,,,10.0,1.9524,-105,s;0;ou;10.0,2024-08-08
PHI(away) vs ARI(home),MLB,Total Runs - AWAYTEAM OF,over,away,,4.5,1.7693,-130,s;0;tt;4.5;away,2024-08-08
PHI(away) vs ARI(home),MLB,Total Runs - AWAYTEAM OF,under,away,,4.5,2.0,100,s;0;tt;4.5;away,2024-08-08
PHI(away) vs ARI(home),MLB,Total Runs - HOMETEAM OF,over,home,,4.5,1.6897,-145,s;0;tt;4.5;home,2024-08-08
PHI(away) vs ARI(home),MLB,Total Runs - HOMETEAM OF,under,home,,4.5,2.1,110,s;0;tt;4.5;home,2024-08-08
PHI(away) vs ARI(home),MLB,Player home runs OF,over,,B. Harper,0.5,5.25,425,pp;0;ou;hr;0.5,2024-08-08
PHI(away) vs ARI(home),MLB,Player home runs OF,under,,B. Harper,0.5,1.1429,-700,pp;0;ou;hr;0.5,2024-08-08
PHI(away) vs ARI(home),MLB,Player home runs OF,over,,E. Suarez,0.5,5.0,400,pp;0;ou;hr;0.5,2024-08-08
PHI(away) vs ARI(home),MLB,Player home runs OF,under,,E. Suarez,0.5,1.16,-625,pp;0;ou;hr;0.5,2024-08-08
PHI(away) vs ARI(home),MLB,Player home runs OF,over,,G. Perdomo,0.5,14.0,1300,pp;0;ou;hr;0.5,2024-08-08
PHI(away) vs ARI(home),MLB,Player home runs OF,under,,G. Perdomo,0.5,1.0286,-3497,pp;0;ou;hr;0.5,2024-08-08
PHI(away) vs ARI(home),MLB,Player home runs OF,over,,J. Bell,0.5,5.5,450,pp;0;ou;hr;0.5,2024-08-08
PHI(away) vs ARI(home),MLB,Player home runs OF,under,,J. Bell,0.5,1.1334,-750,pp;0;ou;hr;0.5,2024-08-08
PHI(away) vs ARI(home),MLB,Player home runs OF,over,,K. Marte,0.5,4.1,310,pp;0;ou;hr;0.5,2024-08-08
PHI(away) vs ARI(home),MLB,Player home runs OF,under,,K. Marte,0.5,1.2223,-450,pp;0;ou;hr;0.5,2024-08-08
PHI(away) vs ARI(home),MLB,Player home runs OF,over,,K. Schwarber,0.5,4.3,330,pp;0;ou;hr;0.5,2024-08-08
PHI(away) vs ARI(home),MLB,Player home runs OF,under,,K. Schwarber,0.5,1.2,-500,pp;0;ou;hr;0.5,2024-08-08
PHI(away) vs ARI(home),MLB,Player home runs OF,over,,L. Gurriel,0.5,5.25,425,pp;0;ou;hr;0.5,2024-08-08
PHI(away) vs ARI(home),MLB,Player home runs OF,under,,L. Gurriel,0.5,1.1429,-700,pp;0;ou;hr;0.5,2024-08-08
PHI(away) vs ARI(home),MLB,Player home runs OF,over,,N. Castellanos,0.5,6.0,500,pp;0;ou;hr;0.5,2024-08-08
PHI(away) vs ARI(home),MLB,Player home runs OF,under,,N. Castellanos,0.5,1.1112,-899,pp;0;ou;hr;0.5,2024-08-08
PHI(away) vs ARI(home),MLB,Player hits OF,over,,B. Harper,1.5,2.85,185,pp;0;ou;hit;1.5,2024-08-08
PHI(away) vs ARI(home),MLB,Player hits OF,under,,B. Harper,1.5,1.3637,-275,pp;0;ou;hit;1.5,2024-08-08
PHI(away) vs ARI(home),MLB,Player hits OF,over,,E. Suarez,0.5,1.625,-160,pp;0;ou;hit;0.5,2024-08-08
PHI(away) vs ARI(home),MLB,Player hits OF,under,,E. Suarez,0.5,2.2,120,pp;0;ou;hit;0.5,2024-08-08
PHI(away) vs ARI(home),MLB,Player hits OF,over,,G. Perdomo,0.5,1.5883,-170,pp;0;ou;hit;0.5,2024-08-08
PHI(away) vs ARI(home),MLB,Player hits OF,under,,G. Perdomo,0.5,2.25,125,pp;0;ou;hit;0.5,2024-08-08
PHI(away) vs ARI(home),MLB,Player hits OF,over,,J. Bell,0.5,1.4,-250,pp;0;ou;hit;0.5,2024-08-08
PHI(away) vs ARI(home),MLB,Player hits OF,under,,J. Bell,0.5,2.7,170,pp;0;ou;hit;0.5,2024-08-08
PHI(away) vs ARI(home),MLB,Player hits OF,over,,J. Rojas,0.5,1.4762,-210,pp;0;ou;hit;0.5,2024-08-08
PHI(away) vs ARI(home),MLB,Player hits OF,under,,J. Rojas,0.5,2.5,150,pp;0;ou;hit;0.5,2024-08-08
PHI(away) vs ARI(home),MLB,Player hits OF,over,,K. Marte,1.5,2.55,155,pp;0;ou;hit;1.5,2024-08-08
PHI(away) vs ARI(home),MLB,Player hits OF,under,,K. Marte,1.5,1.4445,-225,pp;0;ou;hit;1.5,2024-08-08
PHI(away) vs ARI(home),MLB,Player hits OF,over,,K. Schwarber,0.5,1.5556,-180,pp;0;ou;hit;0.5,2024-08-08
PHI(away) vs ARI(home),MLB,Player hits OF,under,,K. Schwarber,0.5,2.3,130,pp;0;ou;hit;0.5,2024-08-08
PHI(away) vs ARI(home),MLB,Player hits OF,over,,L. Gurriel,1.5,2.55,155,pp;0;ou;hit;1.5,2024-08-08
PHI(away) vs ARI(home),MLB,Player hits OF,under,,L. Gurriel,1.5,1.4445,-225,pp;0;ou;hit;1.5,2024-08-08
PHI(away) vs ARI(home),MLB,Player hits OF,over,,N. Castellanos,1.5,2.55,155,pp;0;ou;hit;1.5,2024-08-08
PHI(away) vs ARI(home),MLB,Player hits OF,under,,N. Castellanos,1.5,1.4445,-225,pp;0;ou;hit;1.5,2024-08-08
PHI(away) vs ARI(home),MLB,Player runs batted in OF,over,,A. Bohm,0.5,2.2,120,pp;0;ou;rbi;0.5,2024-08-08
PHI(away) vs ARI(home),MLB,Player runs batted in OF,under,,A. Bohm,0.5,1.5883,-170,pp;0;ou;rbi;0.5,2024-08-08
PHI(away) vs ARI(home),MLB,Player runs batted in OF,over,,G. Perdomo,0.5,3.25,225,pp;0;ou;rbi;0.5,2024-08-08
PHI(away) vs ARI(home),MLB,Player runs batted in OF,under,,G. Perdomo,0.5,1.2858,-350,pp;0;ou;rbi;0.5,2024-08-08
PHI(away) vs ARI(home),MLB,Player runs batted in OF,over,,J. Bell,0.5,2.25,125,pp;0;ou;rbi;0.5,2024-08-08
PHI(away) vs ARI(home),MLB,Player runs batted in OF,under,,J. Bell,0.5,1.5715,-175,pp;0;ou;rbi;0.5,2024-08-08
PHI(away) vs ARI(home),MLB,Player runs batted in OF,over,,J. Herrera,0.5,4.0,300,pp;0;ou;rbi;0.5,2024-08-08
PHI(away) vs ARI(home),MLB,Player runs batted in OF,under,,J. Herrera,0.5,1.2106,-475,pp;0;ou;rbi;0.5,2024-08-08
PHI(away) vs ARI(home),MLB,Player runs batted in OF,over,,K. Schwarber,0.5,2.55,155,pp;0;ou;rbi;0.5,2024-08-08
PHI(away) vs ARI(home),MLB,Player runs batted in OF,under,,K. Schwarber,0.5,1.4348,-230,pp;0;ou;rbi;0.5,2024-08-08
PHI(away) vs ARI(home),MLB,Player stolen bases OF,over,,B. Harper,0.5,8.5,750,pp;0;ou;sb;0.5,2024-08-08
PHI(away) vs ARI(home),MLB,Player stolen bases OF,under,,B. Harper,0.5,1.0556,-1799,pp;0;ou;sb;0.5,2024-08-08
PHI(away) vs ARI(home),MLB,Player stolen bases OF,over,,E. Sosa,0.5,9.0,800,pp;0;ou;sb;0.5,2024-08-08
PHI(away) vs ARI(home),MLB,Player stolen bases OF,under,,E. Sosa,0.5,1.05,-2000,pp;0;ou;sb;0.5,2024-08-08
PHI(away) vs ARI(home),MLB,Player stolen bases OF,over,,J. Rojas,0.5,3.4,240,pp;0;ou;sb;0.5,2024-08-08
PHI(away) vs ARI(home),MLB,Player stolen bases OF,under,,J. Rojas,0.5,1.2353,-425,pp;0;ou;sb;0.5,2024-08-08
PHI(away) vs ARI(home),MLB,Player stolen bases OF,over,,N. Castellanos,0.5,10.5,950,pp;0;ou;sb;0.5,2024-08-08
PHI(away) vs ARI(home),MLB,Player stolen bases OF,under,,N. Castellanos,0.5,1.0334,-2994,pp;0;ou;sb;0.5,2024-08-08
PHI(away) vs ARI(home),MLB,Player stolen bases OF,over,,T. Turner,0.5,4.2,320,pp;0;ou;sb;0.5,2024-08-08
PHI(away) vs ARI(home),MLB,Player stolen bases OF,under,,T. Turner,0.5,1.16,-625,pp;0;ou;sb;0.5,2024-08-08
PHI(away) vs ARI(home),MLB,Pitcher strikeouts OF,over,,K. Allard,3.5,2.25,125,pp;0;ou;so;3.5,2024-08-08
PHI(away) vs ARI(home),MLB,Pitcher strikeouts OF,under,,K. Allard,3.5,1.6061,-165,pp;0;ou;so;3.5,2024-08-08
PHI(away) vs ARI(home),MLB,Pitcher strikeouts OF,over,,J. Montgomery,3.5,1.6061,-165,pp;0;ou;so;3.5,2024-08-08
PHI(away) vs ARI(home),MLB,Pitcher strikeouts OF,under,,J. Montgomery,3.5,2.25,125,pp;0;ou;so;3.5,2024-08-08
PHI(away) vs ARI(home),MLB,Alternate Hits,over,,B. Harper,0.5,1.3637,-275,pp;0;ss;hit;0.5,2024-08-08
PHI(away) vs ARI(home),MLB,Alternate Hits,over,,B. Harper,1.5,3.0,200,pp;0;ss;hit;1.5,2024-08-08
PHI(away) vs ARI(home),MLB,Alternate Hits,over,,B. Harper,2.5,9.0,800,pp;0;ss;hit;2.5,2024-08-08
PHI(away) vs ARI(home),MLB,Alternate Hits,over,,K. Marte,0.5,1.3077,-325,pp;0;ss;hit;0.5,2024-08-08
PHI(away) vs ARI(home),MLB,Alternate Hits,over,,K. Marte,1.5,2.65,165,pp;0;ss;hit;1.5,2024-08-08
PHI(away) vs ARI(home),MLB,Alternate Hits,over,,K. Marte,2.5,7.5,650,pp;0;ss;hit;2.5,2024-08-08
PHI(away) vs ARI(home),MLB,Alternate Hits,over,,K. Marte,3.5,23.0,2200,pp;0;ss;hit;3.5,2024-08-08
PHI(away) vs ARI(home),MLB,Alternate Hits,over,,J. Bell,0.5,1.4167,-240,pp;0;ss;hit;0.5,2024-08-08
PHI(away) vs ARI(home),MLB,Alternate Hits,over,,J. Bell,1.5,3.2,220,pp;0;ss;hit;1.5,2024-08-08
PHI(away) vs ARI(home),MLB,Alternate Hits,over,,J. Bell,2.5,11.0,1000,pp;0;ss;hit;2.5,2024-08-08
PHI(away) vs ARI(home),MLB,Alternate Hits,over,,L. Gurriel,0.5,1.2858,-350,pp;0;ss;hit;0.5,2024-08-08
PHI(away) vs ARI(home),MLB,Alternate Hits,over,,L. Gurriel,1.5,2.6,160,pp;0;ss;hit;1.5,2024-08-08
PHI(away) vs ARI(home),MLB,Alternate Hits,over,,L. Gurriel,2.5,7.0,600,pp;0;ss;hit;2.5,2024-08-08
PHI(away) vs ARI(home),MLB,Alternate Hits,over,,L. Gurriel,3.5,21.0,2000,pp;0;ss;hit;3.5,2024-08-08
PHI(away) vs ARI(home),MLB,Alternate Hits,over,,G. Perdomo,0.5,1.6061,-165,pp;0;ss;hit;0.5,2024-08-08
PHI(away) vs ARI(home),MLB,Alternate Hits,over,,G. Perdomo,1.5,4.3,330,pp;0;ss;hit;1.5,2024-08-08
PHI(away) vs ARI(home),MLB,Alternate Hits,over,,G. Perdomo,2.5,16.0,1500,pp;0;ss;hit;2.5,2024-08-08
PHI(away) vs ARI(home),MLB,Alternate Hits,over,,E. Suarez,0.5,1.625,-160,pp;0;ss;hit;0.5,2024-08-08
PHI(away) vs ARI(home),MLB,Alternate Hits,over,,E. Suarez,1.5,4.5,350,pp;0;ss;hit;1.5,2024-08-08
PHI(away) vs ARI(home),MLB,Alternate Hits,over,,E. Suarez,2.5,15.0,1400,pp;0;ss;hit;2.5,2024-08-08
PHI(away) vs ARI(home),MLB,Alternate Hits,over,,N. Castellanos,0.5,1.2858,-350,pp;0;ss;hit;0.5,2024-08-08
PHI(away) vs ARI(home),MLB,Alternate Hits,over,,N. Castellanos,1.5,2.6,160,pp;0;ss;hit;1.5,2024-08-08
PHI(away) vs ARI(home),MLB,Alternate Hits,over,,N. Castellanos,2.5,7.5,650,pp;0;ss;hit;2.5,2024-08-08
PHI(away) vs ARI(home),MLB,Alternate Hits,over,,K. Schwarber,0.5,1.5715,-175,pp;0;ss;hit;0.5,2024-08-08
PHI(away) vs ARI(home),MLB,Alternate Hits,over,,K. Schwarber,1.5,4.0,300,pp;0;ss;hit;1.5,2024-08-08
PHI(away) vs ARI(home),MLB,Alternate Hits,over,,K. Schwarber,2.5,13.0,1200,pp;0;ss;hit;2.5,2024-08-08
PHI(away) vs ARI(home),MLB,Alternate Hits,over,,J. Rojas,0.5,1.5,-200,pp;0;ss;hit;0.5,2024-08-08
PHI(away) vs ARI(home),MLB,Alternate Hits,over,,J. Rojas,1.5,3.8,280,pp;0;ss;hit;1.5,2024-08-08
PHI(away) vs ARI(home),MLB,Alternate Hits,over,,J. Rojas,2.5,13.0,1200,pp;0;ss;hit;2.5,2024-08-08
PHI(away) vs ARI(home),MLB,Alternate Pitcher Strikeouts,over,,K. Allard,0.5,1.0286,-3497,pp;0;ss;so;0.5,2024-08-08
PHI(away) vs ARI(home),MLB,Alternate Pitcher Strikeouts,over,,K. Allard,1.5,1.174,-575,pp;0;ss;so;1.5,2024-08-08
PHI(away) vs ARI(home),MLB,Alternate Pitcher Strikeouts,over,,K. Allard,2.5,1.5,-200,pp;0;ss;so;2.5,2024-08-08
PHI(away) vs ARI(home),MLB,Alternate Pitcher Strikeouts,over,,K. Allard,3.5,2.25,125,pp;0;ss;so;3.5,2024-08-08
PHI(away) vs ARI(home),MLB,Alternate Pitcher Strikeouts,over,,K. Allard,4.5,3.6,260,pp;0;ss;so;4.5,2024-08-08
PHI(away) vs ARI(home),MLB,Alternate Pitcher Strikeouts,over,,K. Allard,5.5,6.5,550,pp;0;ss;so;5.5,2024-08-08
PHI(away) vs ARI(home),MLB,Alternate Pitcher Strikeouts,over,,K. Allard,6.5,14.0,1300,pp;0;ss;so;6.5,2024-08-08
PHI(away) vs ARI(home),MLB,Alternate Pitcher Strikeouts,over,,J. Montgomery,0.5,1.0112,-8929,pp;0;ss;so;0.5,2024-08-08
PHI(away) vs ARI(home),MLB,Alternate Pitcher Strikeouts,over,,J. Montgomery,1.5,1.08,-1250,pp;0;ss;so;1.5,2024-08-08
PHI(away) vs ARI(home),MLB,Alternate Pitcher Strikeouts,over,,J. Montgomery,2.5,1.25,-400,pp;0;ss;so;2.5,2024-08-08
PHI(away) vs ARI(home),MLB,Alternate Pitcher Strikeouts,over,,J. Montgomery,3.5,1.6061,-165,pp;0;ss;so;3.5,2024-08-08
PHI(away) vs ARI(home),MLB,Alternate Pitcher Strikeouts,over,,J. Montgomery,4.5,2.35,135,pp;0;ss;so;4.5,2024-08-08
PHI(away) vs ARI(home),MLB,Alternate Pitcher Strikeouts,over,,J. Montgomery,5.5,3.8,280,pp;0;ss;so;5.5,2024-08-08
PHI(away) vs ARI(home),MLB,Alternate Pitcher Strikeouts,over,,J. Montgomery,6.5,6.5,550,pp;0;ss;so;6.5,2024-08-08
PHI(away) vs ARI(home),MLB,Alternate Pitcher Strikeouts,over,,J. Montgomery,7.5,12.0,1100,pp;0;ss;so;7.5,2024-08-08
PHI(away) vs ARI(home),MLB,Alternate Pitcher Strikeouts,over,,J. Montgomery,8.5,21.0,2000,pp;0;ss;so;8.5,2024-08-08
PHI(away) vs ARI(home),MLB,Alternate Runs Batted In,over,,J. Bell,0.5,2.2,120,pp;0;ss;rbi;0.5,2024-08-08
PHI(away) vs ARI(home),MLB,Alternate Runs Batted In,over,,J. Bell,1.5,4.5,350,pp;0;ss;rbi;1.5,2024-08-08
PHI(away) vs ARI(home),MLB,Alternate Runs Batted In,over,,J. Bell,2.5,10.0,900,pp;0;ss;rbi;2.5,2024-08-08
PHI(away) vs ARI(home),MLB,Alternate Runs Batted In,over,,G. Perdomo,0.5,3.0,200,pp;0;ss;rbi;0.5,2024-08-08
PHI(away) vs ARI(home),MLB,Alternate Runs Batted In,over,,G. Perdomo,1.5,7.5,650,pp;0;ss;rbi;1.5,2024-08-08
PHI(away) vs ARI(home),MLB,Alternate Runs Batted In,over,,G. Perdomo,2.5,16.0,1500,pp;0;ss;rbi;2.5,2024-08-08
PHI(away) vs ARI(home),MLB,Alternate Runs Batted In,over,,J. Herrera,0.5,3.6,260,pp;0;ss;rbi;0.5,2024-08-08
PHI(away) vs ARI(home),MLB,Alternate Runs Batted In,over,,J. Herrera,1.5,9.0,800,pp;0;ss;rbi;1.5,2024-08-08
PHI(away) vs ARI(home),MLB,Alternate Runs Batted In,over,,K. Schwarber,0.5,2.4,140,pp;0;ss;rbi;0.5,2024-08-08
PHI(away) vs ARI(home),MLB,Alternate Runs Batted In,over,,K. Schwarber,1.5,5.0,400,pp;0;ss;rbi;1.5,2024-08-08
PHI(away) vs ARI(home),MLB,Alternate Runs Batted In,over,,K. Schwarber,2.5,10.5,950,pp;0;ss;rbi;2.5,2024-08-08
PHI(away) vs ARI(home),MLB,Alternate Runs Batted In,over,,A. Bohm,0.5,2.15,115,pp;0;ss;rbi;0.5,2024-08-08
PHI(away) vs ARI(home),MLB,Alternate Runs Batted In,over,,A. Bohm,1.5,4.5,350,pp;0;ss;rbi;1.5,2024-08-08
PHI(away) vs ARI(home),MLB,Alternate Runs Batted In,over,,A. Bohm,2.5,10.0,900,pp;0;ss;rbi;2.5,2024-08-08
PHI(away) vs ARI(home),MLB,Player Total Bases,over,,B. Harper,1.5,1.9524,-105,pp;0;ou;tb;1.5,2024-08-08
PHI(away) vs ARI(home),MLB,Player Total Bases,under,,B. Harper,1.5,1.7693,-130,pp;0;ou;tb;1.5,2024-08-08
PHI(away) vs ARI(home),MLB,Player Total Bases,over,,K. Marte,1.5,1.8,-125,pp;0;ou;tb;1.5,2024-08-08
PHI(away) vs ARI(home),MLB,Player Total Bases,under,,K. Marte,1.5,1.9091,-110,pp;0;ou;tb;1.5,2024-08-08
PHI(away) vs ARI(home),MLB,Player Total Bases,over,,J. Bell,1.5,2.1,110,pp;0;ou;tb;1.5,2024-08-08
PHI(away) vs ARI(home),MLB,Player Total Bases,under,,J. Bell,1.5,1.6667,-150,pp;0;ou;tb;1.5,2024-08-08
PHI(away) vs ARI(home),MLB,Player Total Bases,over,,L. Gurriel,1.5,1.8548,-117,pp;0;ou;tb;1.5,2024-08-08
PHI(away) vs ARI(home),MLB,Player Total Bases,under,,L. Gurriel,1.5,1.8548,-117,pp;0;ou;tb;1.5,2024-08-08
PHI(away) vs ARI(home),MLB,Player Total Bases,over,,G. Perdomo,0.5,1.5883,-170,pp;0;ou;tb;0.5,2024-08-08
PHI(away) vs ARI(home),MLB,Player Total Bases,under,,G. Perdomo,0.5,2.25,125,pp;0;ou;tb;0.5,2024-08-08
PHI(away) vs ARI(home),MLB,Player Total Bases,over,,E. Suarez,0.5,1.625,-160,pp;0;ou;tb;0.5,2024-08-08
PHI(away) vs ARI(home),MLB,Player Total Bases,under,,E. Suarez,0.5,2.2,120,pp;0;ou;tb;0.5,2024-08-08
PHI(away) vs ARI(home),MLB,Player Total Bases,over,,N. Castellanos,1.5,1.8548,-117,pp;0;ou;tb;1.5,2024-08-08
PHI(away) vs ARI(home),MLB,Player Total Bases,under,,N. Castellanos,1.5,1.8548,-117,pp;0;ou;tb;1.5,2024-08-08
PHI(away) vs ARI(home),MLB,Player Total Bases,over,,K. Schwarber,0.5,1.5556,-180,pp;0;ou;tb;0.5,2024-08-08
PHI(away) vs ARI(home),MLB,Player Total Bases,under,,K. Schwarber,0.5,2.3,130,pp;0;ou;tb;0.5,2024-08-08
PHI(away) vs ARI(home),MLB,Player Total Bases,over,,J. Rojas,0.5,1.4762,-210,pp;0;ou;tb;0.5,2024-08-08
PHI(away) vs ARI(home),MLB,Player Total Bases,under,,J. Rojas,0.5,2.5,150,pp;0;ou;tb;0.5,2024-08-08
DET(away) vs SEA(home),MLB,Moneyline OF,,home,,0.0,1.5,-200,s;0;m,2024-08-08
DET(away) vs SEA(home),MLB,Moneyline OF,,away,,0.0,2.65,165,s;0;m,2024-08-08
DET(away) vs SEA(home),MLB,Run Line,,home,,-1.5,2.1,110,s;0;s;-1.5,2024-08-08
DET(away) vs SEA(home),MLB,Run Line,,away,,1.5,1.7693,-130,s;0;s;-1.5,2024-08-08
DET(away) vs SEA(home),MLB,Total Runs OF,over,,,7.5,2.05,105,s;0;ou;7.5,2024-08-08
DET(away) vs SEA(home),MLB,Total Runs OF,under,,,7.5,1.8,-125,s;0;ou;7.5,2024-08-08
DET(away) vs SEA(home),MLB,Total Runs - AWAYTEAM OF,over,away,,2.5,1.7693,-130,s;0;tt;2.5;away,2024-08-08
DET(away) vs SEA(home),MLB,Total Runs - AWAYTEAM OF,under,away,,2.5,2.0,100,s;0;tt;2.5;away,2024-08-08
DET(away) vs SEA(home),MLB,Total Runs - HOMETEAM OF,over,home,,4.5,2.1,110,s;0;tt;4.5;home,2024-08-08
DET(away) vs SEA(home),MLB,Total Runs - HOMETEAM OF,under,home,,4.5,1.6897,-145,s;0;tt;4.5;home,2024-08-08
DET(away) vs SEA(home),MLB,Player home runs OF,over,,B. Madris,0.5,6.0,500,pp;0;ou;hr;0.5,2024-08-08
DET(away) vs SEA(home),MLB,Player home runs OF,under,,B. Madris,0.5,1.1112,-899,pp;0;ou;hr;0.5,2024-08-08
DET(away) vs SEA(home),MLB,Player home runs OF,over,,C. Keith,0.5,6.5,550,pp;0;ou;hr;0.5,2024-08-08
DET(away) vs SEA(home),MLB,Player home runs OF,under,,C. Keith,0.5,1.1,-1000,pp;0;ou;hr;0.5,2024-08-08
DET(away) vs SEA(home),MLB,Player home runs OF,over,,C. Raleigh,0.5,3.5,250,pp;0;ou;hr;0.5,2024-08-08
DET(away) vs SEA(home),MLB,Player home runs OF,under,,C. Raleigh,0.5,1.2858,-350,pp;0;ou;hr;0.5,2024-08-08
DET(away) vs SEA(home),MLB,Player home runs OF,over,,D. Dingler,0.5,9.5,850,pp;0;ou;hr;0.5,2024-08-08
DET(away) vs SEA(home),MLB,Player home runs OF,under,,D. Dingler,0.5,1.0601,-1664,pp;0;ou;hr;0.5,2024-08-08
DET(away) vs SEA(home),MLB,Player home runs OF,over,,D. Moore,0.5,5.75,475,pp;0;ou;hr;0.5,2024-08-08
DET(away) vs SEA(home),MLB,Player home runs OF,under,,D. Moore,0.5,1.125,-800,pp;0;ou;hr;0.5,2024-08-08
DET(away) vs SEA(home),MLB,Player home runs OF,over,,J. Baez,0.5,16.0,1500,pp;0;ou;hr;0.5,2024-08-08
DET(away) vs SEA(home),MLB,Player home runs OF,under,,J. Baez,0.5,1.02,-5000,pp;0;ou;hr;0.5,2024-08-08
DET(away) vs SEA(home),MLB,Player home runs OF,over,,J. Malloy,0.5,11.0,1000,pp;0;ou;hr;0.5,2024-08-08
DET(away) vs SEA(home),MLB,Player home runs OF,under,,J. Malloy,0.5,1.05,-2000,pp;0;ou;hr;0.5,2024-08-08
DET(away) vs SEA(home),MLB,Player home runs OF,over,,J. Polanco,0.5,5.0,400,pp;0;ou;hr;0.5,2024-08-08
DET(away) vs SEA(home),MLB,Player home runs OF,under,,J. Polanco,0.5,1.16,-625,pp;0;ou;hr;0.5,2024-08-08
DET(away) vs SEA(home),MLB,Player home runs OF,over,,J. Rojas,0.5,10.0,900,pp;0;ou;hr;0.5,2024-08-08
DET(away) vs SEA(home),MLB,Player home runs OF,under,,J. Rojas,0.5,1.0572,-1748,pp;0;ou;hr;0.5,2024-08-08
DET(away) vs SEA(home),MLB,Player home runs OF,over,,J. Turner,0.5,7.0,600,pp;0;ou;hr;0.5,2024-08-08
DET(away) vs SEA(home),MLB,Player home runs OF,under,,J. Turner,0.5,1.091,-1099,pp;0;ou;hr;0.5,2024-08-08
DET(away) vs SEA(home),MLB,Player home runs OF,over,,L. Raley,0.5,6.5,550,pp;0;ou;hr;0.5,2024-08-08
DET(away) vs SEA(home),MLB,Player home runs OF,under,,L. Raley,0.5,1.1,-1000,pp;0;ou;hr;0.5,2024-08-08
DET(away) vs SEA(home),MLB,Player home runs OF,over,,M. Haniger,0.5,4.75,375,pp;0;ou;hr;0.5,2024-08-08
DET(away) vs SEA(home),MLB,Player home runs OF,under,,M. Haniger,0.5,1.174,-575,pp;0;ou;hr;0.5,2024-08-08
DET(away) vs SEA(home),MLB,Player home runs OF,over,,M. Vierling,0.5,9.5,850,pp;0;ou;hr;0.5,2024-08-08
DET(away) vs SEA(home),MLB,Player home runs OF,under,,M. Vierling,0.5,1.0601,-1664,pp;0;ou;hr;0.5,2024-08-08
DET(away) vs SEA(home),MLB,Player home runs OF,over,,P. Meadows,0.5,5.75,475,pp;0;ou;hr;0.5,2024-08-08
DET(away) vs SEA(home),MLB,Player home runs OF,under,,P. Meadows,0.5,1.125,-800,pp;0;ou;hr;0.5,2024-08-08
DET(away) vs SEA(home),MLB,Player home runs OF,over,,R. Arozarena,0.5,4.75,375,pp;0;ou;hr;0.5,2024-08-08
DET(away) vs SEA(home),MLB,Player home runs OF,under,,R. Arozarena,0.5,1.174,-575,pp;0;ou;hr;0.5,2024-08-08
DET(away) vs SEA(home),MLB,Player home runs OF,over,,V. Robles,0.5,7.5,650,pp;0;ou;hr;0.5,2024-08-08
DET(away) vs SEA(home),MLB,Player home runs OF,under,,V. Robles,0.5,1.0834,-1199,pp;0;ou;hr;0.5,2024-08-08
DET(away) vs SEA(home),MLB,Player home runs OF,over,,W. Perez,0.5,7.5,650,pp;0;ou;hr;0.5,2024-08-08
DET(away) vs SEA(home),MLB,Player home runs OF,under,,W. Perez,0.5,1.0834,-1199,pp;0;ou;hr;0.5,2024-08-08
DET(away) vs SEA(home),MLB,Player home runs OF,over,,Z. Mckinstry,0.5,7.5,650,pp;0;ou;hr;0.5,2024-08-08
DET(away) vs SEA(home),MLB,Player home runs OF,under,,Z. Mckinstry,0.5,1.0834,-1199,pp;0;ou;hr;0.5,2024-08-08
DET(away) vs SEA(home),MLB,Player hits OF,over,,B. Madris,0.5,1.6452,-155,pp;0;ou;hit;0.5,2024-08-08
DET(away) vs SEA(home),MLB,Player hits OF,under,,B. Madris,0.5,2.15,115,pp;0;ou;hit;0.5,2024-08-08
DET(away) vs SEA(home),MLB,Player hits OF,over,,C. Keith,0.5,1.4167,-240,pp;0;ou;hit;0.5,2024-08-08
DET(away) vs SEA(home),MLB,Player hits OF,under,,C. Keith,0.5,2.6,160,pp;0;ou;hit;0.5,2024-08-08
DET(away) vs SEA(home),MLB,Player hits OF,over,,C. Raleigh,0.5,1.4445,-225,pp;0;ou;hit;0.5,2024-08-08
DET(away) vs SEA(home),MLB,Player hits OF,under,,C. Raleigh,0.5,2.55,155,pp;0;ou;hit;0.5,2024-08-08
DET(away) vs SEA(home),MLB,Player hits OF,over,,D. Dingler,0.5,1.8,-125,pp;0;ou;hit;0.5,2024-08-08
DET(away) vs SEA(home),MLB,Player hits OF,under,,D. Dingler,0.5,1.9091,-110,pp;0;ou;hit;0.5,2024-08-08
DET(away) vs SEA(home),MLB,Player hits OF,over,,D. Moore,0.5,1.6667,-150,pp;0;ou;hit;0.5,2024-08-08
DET(away) vs SEA(home),MLB,Player hits OF,under,,D. Moore,0.5,2.1,110,pp;0;ou;hit;0.5,2024-08-08
DET(away) vs SEA(home),MLB,Player hits OF,over,,J. Baez,0.5,1.8,-125,pp;0;ou;hit;0.5,2024-08-08
DET(away) vs SEA(home),MLB,Player hits OF,under,,J. Baez,0.5,1.9091,-110,pp;0;ou;hit;0.5,2024-08-08
DET(away) vs SEA(home),MLB,Player hits OF,over,,J. Malloy,0.5,1.7693,-130,pp;0;ou;hit;0.5,2024-08-08
DET(away) vs SEA(home),MLB,Player hits OF,under,,J. Malloy,0.5,1.9524,-105,pp;0;ou;hit;0.5,2024-08-08
DET(away) vs SEA(home),MLB,Player hits OF,over,,J. Polanco,0.5,1.6452,-155,pp;0;ou;hit;0.5,2024-08-08
DET(away) vs SEA(home),MLB,Player hits OF,under,,J. Polanco,0.5,2.15,115,pp;0;ou;hit;0.5,2024-08-08
DET(away) vs SEA(home),MLB,Player hits OF,over,,J. Rojas,0.5,1.7693,-130,pp;0;ou;hit;0.5,2024-08-08
DET(away) vs SEA(home),MLB,Player hits OF,under,,J. Rojas,0.5,1.9524,-105,pp;0;ou;hit;0.5,2024-08-08
DET(away) vs SEA(home),MLB,Player hits OF,over,,J. Turner,0.5,1.4445,-225,pp;0;ou;hit;0.5,2024-08-08
DET(away) vs SEA(home),MLB,Player hits OF,under,,J. Turner,0.5,2.55,155,pp;0;ou;hit;0.5,2024-08-08
DET(away) vs SEA(home),MLB,Player hits OF,over,,L. Raley,0.5,1.6452,-155,pp;0;ou;hit;0.5,2024-08-08
DET(away) vs SEA(home),MLB,Player hits OF,under,,L. Raley,0.5,2.15,115,pp;0;ou;hit;0.5,2024-08-08
DET(away) vs SEA(home),MLB,Player hits OF,over,,M. Haniger,0.5,1.5,-200,pp;0;ou;hit;0.5,2024-08-08
DET(away) vs SEA(home),MLB,Player hits OF,under,,M. Haniger,0.5,2.4,140,pp;0;ou;hit;0.5,2024-08-08
DET(away) vs SEA(home),MLB,Player hits OF,over,,M. Vierling,0.5,1.4762,-210,pp;0;ou;hit;0.5,2024-08-08
DET(away) vs SEA(home),MLB,Player hits OF,under,,M. Vierling,0.5,2.5,150,pp;0;ou;hit;0.5,2024-08-08
DET(away) vs SEA(home),MLB,Player hits OF,over,,P. Meadows,0.5,1.8,-125,pp;0;ou;hit;0.5,2024-08-08
DET(away) vs SEA(home),MLB,Player hits OF,under,,P. Meadows,0.5,1.9091,-110,pp;0;ou;hit;0.5,2024-08-08
DET(away) vs SEA(home),MLB,Player hits OF,over,,R. Arozarena,0.5,1.4167,-240,pp;0;ou;hit;0.5,2024-08-08
DET(away) vs SEA(home),MLB,Player hits OF,under,,R. Arozarena,0.5,2.6,160,pp;0;ou;hit;0.5,2024-08-08
DET(away) vs SEA(home),MLB,Player hits OF,over,,V. Robles,0.5,1.4167,-240,pp;0;ou;hit;0.5,2024-08-08
DET(away) vs SEA(home),MLB,Player hits OF,under,,V. Robles,0.5,2.6,160,pp;0;ou;hit;0.5,2024-08-08
DET(away) vs SEA(home),MLB,Player hits OF,over,,W. Perez,0.5,1.5,-200,pp;0;ou;hit;0.5,2024-08-08
DET(away) vs SEA(home),MLB,Player hits OF,under,,W. Perez,0.5,2.4,140,pp;0;ou;hit;0.5,2024-08-08
DET(away) vs SEA(home),MLB,Player hits OF,over,,Z. Mckinstry,0.5,1.6667,-150,pp;0;ou;hit;0.5,2024-08-08
DET(away) vs SEA(home),MLB,Player hits OF,under,,Z. Mckinstry,0.5,2.1,110,pp;0;ou;hit;0.5,2024-08-08
DET(away) vs SEA(home),MLB,Player runs batted in OF,over,,B. Madris,0.5,3.1,210,pp;0;ou;rbi;0.5,2024-08-08
DET(away) vs SEA(home),MLB,Player runs batted in OF,under,,B. Madris,0.5,1.3077,-325,pp;0;ou;rbi;0.5,2024-08-08
DET(away) vs SEA(home),MLB,Player runs batted in OF,over,,C. Keith,0.5,3.0,200,pp;0;ou;rbi;0.5,2024-08-08
DET(away) vs SEA(home),MLB,Player runs batted in OF,under,,C. Keith,0.5,1.3226,-310,pp;0;ou;rbi;0.5,2024-08-08
DET(away) vs SEA(home),MLB,Player runs batted in OF,over,,C. Raleigh,0.5,2.2,120,pp;0;ou;rbi;0.5,2024-08-08
DET(away) vs SEA(home),MLB,Player runs batted in OF,under,,C. Raleigh,0.5,1.5883,-170,pp;0;ou;rbi;0.5,2024-08-08
DET(away) vs SEA(home),MLB,Player runs batted in OF,over,,D. Dingler,0.5,3.9,290,pp;0;ou;rbi;0.5,2024-08-08
DET(away) vs SEA(home),MLB,Player runs batted in OF,under,,D. Dingler,0.5,1.2223,-450,pp;0;ou;rbi;0.5,2024-08-08
DET(away) vs SEA(home),MLB,Player runs batted in OF,over,,D. Moore,0.5,3.0,200,pp;0;ou;rbi;0.5,2024-08-08
DET(away) vs SEA(home),MLB,Player runs batted in OF,under,,D. Moore,0.5,1.3226,-310,pp;0;ou;rbi;0.5,2024-08-08
DET(away) vs SEA(home),MLB,Player runs batted in OF,over,,J. Baez,0.5,4.75,375,pp;0;ou;rbi;0.5,2024-08-08
DET(away) vs SEA(home),MLB,Player runs batted in OF,under,,J. Baez,0.5,1.1539,-650,pp;0;ou;rbi;0.5,2024-08-08
DET(away) vs SEA(home),MLB,Player runs batted in OF,over,,J. Malloy,0.5,3.9,290,pp;0;ou;rbi;0.5,2024-08-08
DET(away) vs SEA(home),MLB,Player runs batted in OF,under,,J. Malloy,0.5,1.2223,-450,pp;0;ou;rbi;0.5,2024-08-08
DET(away) vs SEA(home),MLB,Player runs batted in OF,over,,J. Polanco,0.5,2.7,170,pp;0;ou;rbi;0.5,2024-08-08
DET(away) vs SEA(home),MLB,Player runs batted in OF,under,,J. Polanco,0.5,1.4,-250,pp;0;ou;rbi;0.5,2024-08-08
DET(away) vs SEA(home),MLB,Player runs batted in OF,over,,J. Rojas,0.5,3.6,260,pp;0;ou;rbi;0.5,2024-08-08
DET(away) vs SEA(home),MLB,Player runs batted in OF,under,,J. Rojas,0.5,1.25,-400,pp;0;ou;rbi;0.5,2024-08-08
DET(away) vs SEA(home),MLB,Player runs batted in OF,over,,J. Turner,0.5,2.75,175,pp;0;ou;rbi;0.5,2024-08-08
DET(away) vs SEA(home),MLB,Player runs batted in OF,under,,J. Turner,0.5,1.3704,-270,pp;0;ou;rbi;0.5,2024-08-08
DET(away) vs SEA(home),MLB,Player runs batted in OF,over,,L. Raley,0.5,3.1,210,pp;0;ou;rbi;0.5,2024-08-08
DET(away) vs SEA(home),MLB,Player runs batted in OF,under,,L. Raley,0.5,1.3077,-325,pp;0;ou;rbi;0.5,2024-08-08
DET(away) vs SEA(home),MLB,Player runs batted in OF,over,,M. Haniger,0.5,2.55,155,pp;0;ou;rbi;0.5,2024-08-08
DET(away) vs SEA(home),MLB,Player runs batted in OF,under,,M. Haniger,0.5,1.4348,-230,pp;0;ou;rbi;0.5,2024-08-08
DET(away) vs SEA(home),MLB,Player runs batted in OF,over,,M. Vierling,0.5,3.25,225,pp;0;ou;rbi;0.5,2024-08-08
DET(away) vs SEA(home),MLB,Player runs batted in OF,under,,M. Vierling,0.5,1.2858,-350,pp;0;ou;rbi;0.5,2024-08-08
DET(away) vs SEA(home),MLB,Player runs batted in OF,over,,P. Meadows,0.5,3.3,230,pp;0;ou;rbi;0.5,2024-08-08
DET(away) vs SEA(home),MLB,Player runs batted in OF,under,,P. Meadows,0.5,1.2778,-360,pp;0;ou;rbi;0.5,2024-08-08
DET(away) vs SEA(home),MLB,Player runs batted in OF,over,,R. Arozarena,0.5,2.5,150,pp;0;ou;rbi;0.5,2024-08-08
DET(away) vs SEA(home),MLB,Player runs batted in OF,under,,R. Arozarena,0.5,1.4546,-220,pp;0;ou;rbi;0.5,2024-08-08
DET(away) vs SEA(home),MLB,Player runs batted in OF,over,,V. Robles,0.5,3.25,225,pp;0;ou;rbi;0.5,2024-08-08
DET(away) vs SEA(home),MLB,Player runs batted in OF,under,,V. Robles,0.5,1.2858,-350,pp;0;ou;rbi;0.5,2024-08-08
DET(away) vs SEA(home),MLB,Player runs batted in OF,over,,W. Perez,0.5,3.7,270,pp;0;ou;rbi;0.5,2024-08-08
DET(away) vs SEA(home),MLB,Player runs batted in OF,under,,W. Perez,0.5,1.2353,-425,pp;0;ou;rbi;0.5,2024-08-08
DET(away) vs SEA(home),MLB,Player runs batted in OF,over,,Z. Mckinstry,0.5,3.6,260,pp;0;ou;rbi;0.5,2024-08-08
DET(away) vs SEA(home),MLB,Player runs batted in OF,under,,Z. Mckinstry,0.5,1.25,-400,pp;0;ou;rbi;0.5,2024-08-08
DET(away) vs SEA(home),MLB,Player stolen bases OF,over,,B. Madris,0.5,15.0,1400,pp;0;ou;sb;0.5,2024-08-08
DET(away) vs SEA(home),MLB,Player stolen bases OF,under,,B. Madris,0.5,1.0167,-5988,pp;0;ou;sb;0.5,2024-08-08
DET(away) vs SEA(home),MLB,Player stolen bases OF,over,,C. Keith,0.5,10.0,900,pp;0;ou;sb;0.5,2024-08-08
DET(away) vs SEA(home),MLB,Player stolen bases OF,under,,C. Keith,0.5,1.04,-2500,pp;0;ou;sb;0.5,2024-08-08
DET(away) vs SEA(home),MLB,Player stolen bases OF,over,,D. Moore,0.5,4.2,320,pp;0;ou;sb;0.5,2024-08-08
DET(away) vs SEA(home),MLB,Player stolen bases OF,under,,D. Moore,0.5,1.16,-625,pp;0;ou;sb;0.5,2024-08-08
DET(away) vs SEA(home),MLB,Player stolen bases OF,over,,J. Baez,0.5,9.0,800,pp;0;ou;sb;0.5,2024-08-08
DET(away) vs SEA(home),MLB,Player stolen bases OF,under,,J. Baez,0.5,1.05,-2000,pp;0;ou;sb;0.5,2024-08-08
DET(away) vs SEA(home),MLB,Player stolen bases OF,over,,J. Polanco,0.5,12.0,1100,pp;0;ou;sb;0.5,2024-08-08
DET(away) vs SEA(home),MLB,Player stolen bases OF,under,,J. Polanco,0.5,1.025,-4000,pp;0;ou;sb;0.5,2024-08-08
DET(away) vs SEA(home),MLB,Player stolen bases OF,over,,J. Rojas,0.5,10.5,950,pp;0;ou;sb;0.5,2024-08-08
DET(away) vs SEA(home),MLB,Player stolen bases OF,under,,J. Rojas,0.5,1.0334,-2994,pp;0;ou;sb;0.5,2024-08-08
DET(away) vs SEA(home),MLB,Player stolen bases OF,over,,L. Raley,0.5,6.0,500,pp;0;ou;sb;0.5,2024-08-08
DET(away) vs SEA(home),MLB,Player stolen bases OF,under,,L. Raley,0.5,1.0834,-1199,pp;0;ou;sb;0.5,2024-08-08
DET(away) vs SEA(home),MLB,Player stolen bases OF,over,,M. Vierling,0.5,11.0,1000,pp;0;ou;sb;0.5,2024-08-08
DET(away) vs SEA(home),MLB,Player stolen bases OF,under,,M. Vierling,0.5,1.0286,-3497,pp;0;ou;sb;0.5,2024-08-08
DET(away) vs SEA(home),MLB,Player stolen bases OF,over,,P. Meadows,0.5,5.0,400,pp;0;ou;sb;0.5,2024-08-08
DET(away) vs SEA(home),MLB,Player stolen bases OF,under,,P. Meadows,0.5,1.1112,-899,pp;0;ou;sb;0.5,2024-08-08
DET(away) vs SEA(home),MLB,Player stolen bases OF,over,,R. Arozarena,0.5,4.75,375,pp;0;ou;sb;0.5,2024-08-08
DET(away) vs SEA(home),MLB,Player stolen bases OF,under,,R. Arozarena,0.5,1.125,-800,pp;0;ou;sb;0.5,2024-08-08
DET(away) vs SEA(home),MLB,Player stolen bases OF,over,,V. Robles,0.5,3.6,260,pp;0;ou;sb;0.5,2024-08-08
DET(away) vs SEA(home),MLB,Player stolen bases OF,under,,V. Robles,0.5,1.2223,-450,pp;0;ou;sb;0.5,2024-08-08
DET(away) vs SEA(home),MLB,Player stolen bases OF,over,,W. Perez,0.5,5.25,425,pp;0;ou;sb;0.5,2024-08-08
DET(away) vs SEA(home),MLB,Player stolen bases OF,under,,W. Perez,0.5,1.1,-1000,pp;0;ou;sb;0.5,2024-08-08
DET(away) vs SEA(home),MLB,Player stolen bases OF,over,,Z. Mckinstry,0.5,9.0,800,pp;0;ou;sb;0.5,2024-08-08
DET(away) vs SEA(home),MLB,Player stolen bases OF,under,,Z. Mckinstry,0.5,1.05,-2000,pp;0;ou;sb;0.5,2024-08-08
DET(away) vs SEA(home),MLB,Pitcher strikeouts OF,over,,B. Woo,5.5,1.8696,-115,pp;0;ou;so;5.5,2024-08-08
DET(away) vs SEA(home),MLB,Pitcher strikeouts OF,under,,B. Woo,5.5,1.8696,-115,pp;0;ou;so;5.5,2024-08-08
DET(away) vs SEA(home),MLB,Alternate Hits,over,,B. Madris,0.5,1.625,-160,pp;0;ss;hit;0.5,2024-08-08
DET(away) vs SEA(home),MLB,Alternate Hits,over,,B. Madris,1.5,4.5,350,pp;0;ss;hit;1.5,2024-08-08
DET(away) vs SEA(home),MLB,Alternate Hits,over,,B. Madris,2.5,15.0,1400,pp;0;ss;hit;2.5,2024-08-08
DET(away) vs SEA(home),MLB,Alternate Hits,over,,D. Moore,0.5,1.6897,-145,pp;0;ss;hit;0.5,2024-08-08
DET(away) vs SEA(home),MLB,Alternate Hits,over,,D. Moore,1.5,5.0,400,pp;0;ss;hit;1.5,2024-08-08
DET(away) vs SEA(home),MLB,Alternate Hits,over,,D. Moore,2.5,19.0,1800,pp;0;ss;hit;2.5,2024-08-08
DET(away) vs SEA(home),MLB,Alternate Hits,over,,C. Raleigh,0.5,1.4445,-225,pp;0;ss;hit;0.5,2024-08-08
DET(away) vs SEA(home),MLB,Alternate Hits,over,,C. Raleigh,1.5,3.5,250,pp;0;ss;hit;1.5,2024-08-08
DET(away) vs SEA(home),MLB,Alternate Hits,over,,C. Raleigh,2.5,13.0,1200,pp;0;ss;hit;2.5,2024-08-08
DET(away) vs SEA(home),MLB,Alternate Hits,over,,C. Keith,0.5,1.4445,-225,pp;0;ss;hit;0.5,2024-08-08
DET(away) vs SEA(home),MLB,Alternate Hits,over,,C. Keith,1.5,3.3,230,pp;0;ss;hit;1.5,2024-08-08
DET(away) vs SEA(home),MLB,Alternate Hits,over,,C. Keith,2.5,10.0,900,pp;0;ss;hit;2.5,2024-08-08
DET(away) vs SEA(home),MLB,Alternate Hits,over,,J. Turner,0.5,1.4445,-225,pp;0;ss;hit;0.5,2024-08-08
DET(away) vs SEA(home),MLB,Alternate Hits,over,,J. Turner,1.5,3.5,250,pp;0;ss;hit;1.5,2024-08-08
DET(away) vs SEA(home),MLB,Alternate Hits,over,,J. Turner,2.5,12.0,1100,pp;0;ss;hit;2.5,2024-08-08
DET(away) vs SEA(home),MLB,Alternate Hits,over,,J. Polanco,0.5,1.625,-160,pp;0;ss;hit;0.5,2024-08-08
DET(away) vs SEA(home),MLB,Alternate Hits,over,,J. Polanco,1.5,4.75,375,pp;0;ss;hit;1.5,2024-08-08
DET(away) vs SEA(home),MLB,Alternate Hits,over,,J. Polanco,2.5,18.0,1700,pp;0;ss;hit;2.5,2024-08-08
DET(away) vs SEA(home),MLB,Alternate Hits,over,,V. Robles,0.5,1.4167,-240,pp;0;ss;hit;0.5,2024-08-08
DET(away) vs SEA(home),MLB,Alternate Hits,over,,V. Robles,1.5,3.3,230,pp;0;ss;hit;1.5,2024-08-08
DET(away) vs SEA(home),MLB,Alternate Hits,over,,V. Robles,2.5,11.0,1000,pp;0;ss;hit;2.5,2024-08-08
DET(away) vs SEA(home),MLB,Alternate Hits,over,,M. Haniger,0.5,1.5264,-190,pp;0;ss;hit;0.5,2024-08-08
DET(away) vs SEA(home),MLB,Alternate Hits,over,,M. Haniger,1.5,4.0,300,pp;0;ss;hit;1.5,2024-08-08
DET(away) vs SEA(home),MLB,Alternate Hits,over,,M. Haniger,2.5,13.0,1200,pp;0;ss;hit;2.5,2024-08-08
DET(away) vs SEA(home),MLB,Alternate Hits,over,,R. Arozarena,0.5,1.4445,-225,pp;0;ss;hit;0.5,2024-08-08
DET(away) vs SEA(home),MLB,Alternate Hits,over,,R. Arozarena,1.5,3.4,240,pp;0;ss;hit;1.5,2024-08-08
DET(away) vs SEA(home),MLB,Alternate Hits,over,,R. Arozarena,2.5,11.5,1050,pp;0;ss;hit;2.5,2024-08-08
DET(away) vs SEA(home),MLB,Alternate Hits,over,,M. Vierling,0.5,1.4762,-210,pp;0;ss;hit;0.5,2024-08-08
DET(away) vs SEA(home),MLB,Alternate Hits,over,,M. Vierling,1.5,3.6,260,pp;0;ss;hit;1.5,2024-08-08
DET(away) vs SEA(home),MLB,Alternate Hits,over,,M. Vierling,2.5,12.0,1100,pp;0;ss;hit;2.5,2024-08-08
DET(away) vs SEA(home),MLB,Alternate Hits,over,,P. Meadows,0.5,1.8,-125,pp;0;ss;hit;0.5,2024-08-08
DET(away) vs SEA(home),MLB,Alternate Hits,over,,P. Meadows,1.5,5.25,425,pp;0;ss;hit;1.5,2024-08-08
DET(away) vs SEA(home),MLB,Alternate Hits,over,,P. Meadows,2.5,21.0,2000,pp;0;ss;hit;2.5,2024-08-08
DET(away) vs SEA(home),MLB,Alternate Hits,over,,J. Baez,0.5,1.8334,-120,pp;0;ss;hit;0.5,2024-08-08
DET(away) vs SEA(home),MLB,Alternate Hits,over,,J. Baez,1.5,5.75,475,pp;0;ss;hit;1.5,2024-08-08
DET(away) vs SEA(home),MLB,Alternate Hits,over,,J. Baez,2.5,21.0,2000,pp;0;ss;hit;2.5,2024-08-08
DET(away) vs SEA(home),MLB,Alternate Hits,over,,Z. Mckinstry,0.5,1.6897,-145,pp;0;ss;hit;0.5,2024-08-08
DET(away) vs SEA(home),MLB,Alternate Hits,over,,Z. Mckinstry,1.5,5.0,400,pp;0;ss;hit;1.5,2024-08-08
DET(away) vs SEA(home),MLB,Alternate Hits,over,,Z. Mckinstry,2.5,18.0,1700,pp;0;ss;hit;2.5,2024-08-08
DET(away) vs SEA(home),MLB,Alternate Hits,over,,W. Perez,0.5,1.5264,-190,pp;0;ss;hit;0.5,2024-08-08
DET(away) vs SEA(home),MLB,Alternate Hits,over,,W. Perez,1.5,3.8,280,pp;0;ss;hit;1.5,2024-08-08
DET(away) vs SEA(home),MLB,Alternate Hits,over,,W. Perez,2.5,12.0,1100,pp;0;ss;hit;2.5,2024-08-08
DET(away) vs SEA(home),MLB,Alternate Hits,over,,J. Rojas,0.5,1.7693,-130,pp;0;ss;hit;0.5,2024-08-08
DET(away) vs SEA(home),MLB,Alternate Hits,over,,J. Rojas,1.5,5.5,450,pp;0;ss;hit;1.5,2024-08-08
DET(away) vs SEA(home),MLB,Alternate Hits,over,,J. Rojas,2.5,23.0,2200,pp;0;ss;hit;2.5,2024-08-08
DET(away) vs SEA(home),MLB,Alternate Hits,over,,L. Raley,0.5,1.6667,-150,pp;0;ss;hit;0.5,2024-08-08
DET(away) vs SEA(home),MLB,Alternate Hits,over,,L. Raley,1.5,4.75,375,pp;0;ss;hit;1.5,2024-08-08
DET(away) vs SEA(home),MLB,Alternate Hits,over,,L. Raley,2.5,16.0,1500,pp;0;ss;hit;2.5,2024-08-08
DET(away) vs SEA(home),MLB,Alternate Hits,over,,J. Malloy,0.5,1.7693,-130,pp;0;ss;hit;0.5,2024-08-08
DET(away) vs SEA(home),MLB,Alternate Hits,over,,J. Malloy,1.5,5.25,425,pp;0;ss;hit;1.5,2024-08-08
DET(away) vs SEA(home),MLB,Alternate Hits,over,,J. Malloy,2.5,19.0,1800,pp;0;ss;hit;2.5,2024-08-08
DET(away) vs SEA(home),MLB,Alternate Hits,over,,D. Dingler,0.5,1.8,-125,pp;0;ss;hit;0.5,2024-08-08
DET(away) vs SEA(home),MLB,Alternate Hits,over,,D. Dingler,1.5,5.5,450,pp;0;ss;hit;1.5,2024-08-08
DET(away) vs SEA(home),MLB,Alternate Hits,over,,D. Dingler,2.5,19.0,1800,pp;0;ss;hit;2.5,2024-08-08
DET(away) vs SEA(home),MLB,Alternate Runs Batted In,over,,B. Madris,0.5,2.9,190,pp;0;ss;rbi;0.5,2024-08-08
DET(away) vs SEA(home),MLB,Alternate Runs Batted In,over,,B. Madris,1.5,7.0,600,pp;0;ss;rbi;1.5,2024-08-08
DET(away) vs SEA(home),MLB,Alternate Runs Batted In,over,,B. Madris,2.5,15.0,1400,pp;0;ss;rbi;2.5,2024-08-08
DET(away) vs SEA(home),MLB,Alternate Runs Batted In,over,,D. Moore,0.5,2.85,185,pp;0;ss;rbi;0.5,2024-08-08
DET(away) vs SEA(home),MLB,Alternate Runs Batted In,over,,D. Moore,1.5,5.75,475,pp;0;ss;rbi;1.5,2024-08-08
DET(away) vs SEA(home),MLB,Alternate Runs Batted In,over,,D. Moore,2.5,12.0,1100,pp;0;ss;rbi;2.5,2024-08-08
DET(away) vs SEA(home),MLB,Alternate Runs Batted In,over,,C. Raleigh,0.5,2.15,115,pp;0;ss;rbi;0.5,2024-08-08
DET(away) vs SEA(home),MLB,Alternate Runs Batted In,over,,C. Raleigh,1.5,4.2,320,pp;0;ss;rbi;1.5,2024-08-08
DET(away) vs SEA(home),MLB,Alternate Runs Batted In,over,,C. Raleigh,2.5,9.0,800,pp;0;ss;rbi;2.5,2024-08-08
DET(away) vs SEA(home),MLB,Alternate Runs Batted In,over,,C. Raleigh,3.5,16.0,1500,pp;0;ss;rbi;3.5,2024-08-08
DET(away) vs SEA(home),MLB,Alternate Runs Batted In,over,,C. Keith,0.5,2.85,185,pp;0;ss;rbi;0.5,2024-08-08
DET(away) vs SEA(home),MLB,Alternate Runs Batted In,over,,C. Keith,1.5,7.5,650,pp;0;ss;rbi;1.5,2024-08-08
DET(away) vs SEA(home),MLB,Alternate Runs Batted In,over,,C. Keith,2.5,16.0,1500,pp;0;ss;rbi;2.5,2024-08-08
DET(away) vs SEA(home),MLB,Alternate Runs Batted In,over,,J. Turner,0.5,2.55,155,pp;0;ss;rbi;0.5,2024-08-08
DET(away) vs SEA(home),MLB,Alternate Runs Batted In,over,,J. Turner,1.5,5.75,475,pp;0;ss;rbi;1.5,2024-08-08
DET(away) vs SEA(home),MLB,Alternate Runs Batted In,over,,J. Turner,2.5,13.0,1200,pp;0;ss;rbi;2.5,2024-08-08
DET(away) vs SEA(home),MLB,Alternate Runs Batted In,over,,J. Polanco,0.5,2.55,155,pp;0;ss;rbi;0.5,2024-08-08
DET(away) vs SEA(home),MLB,Alternate Runs Batted In,over,,J. Polanco,1.5,5.0,400,pp;0;ss;rbi;1.5,2024-08-08
DET(away) vs SEA(home),MLB,Alternate Runs Batted In,over,,J. Polanco,2.5,11.0,1000,pp;0;ss;rbi;2.5,2024-08-08
DET(away) vs SEA(home),MLB,Alternate Runs Batted In,over,,V. Robles,0.5,2.9,190,pp;0;ss;rbi;0.5,2024-08-08
DET(away) vs SEA(home),MLB,Alternate Runs Batted In,over,,V. Robles,1.5,7.0,600,pp;0;ss;rbi;1.5,2024-08-08
DET(away) vs SEA(home),MLB,Alternate Runs Batted In,over,,V. Robles,2.5,15.0,1400,pp;0;ss;rbi;2.5,2024-08-08
DET(away) vs SEA(home),MLB,Alternate Runs Batted In,over,,M. Haniger,0.5,2.4,140,pp;0;ss;rbi;0.5,2024-08-08
DET(away) vs SEA(home),MLB,Alternate Runs Batted In,over,,M. Haniger,1.5,4.75,375,pp;0;ss;rbi;1.5,2024-08-08
DET(away) vs SEA(home),MLB,Alternate Runs Batted In,over,,M. Haniger,2.5,10.5,950,pp;0;ss;rbi;2.5,2024-08-08
DET(away) vs SEA(home),MLB,Alternate Runs Batted In,over,,R. Arozarena,0.5,2.35,135,pp;0;ss;rbi;0.5,2024-08-08
DET(away) vs SEA(home),MLB,Alternate Runs Batted In,over,,R. Arozarena,1.5,5.0,400,pp;0;ss;rbi;1.5,2024-08-08
DET(away) vs SEA(home),MLB,Alternate Runs Batted In,over,,R. Arozarena,2.5,10.5,950,pp;0;ss;rbi;2.5,2024-08-08
DET(away) vs SEA(home),MLB,Alternate Runs Batted In,over,,M. Vierling,0.5,3.0,200,pp;0;ss;rbi;0.5,2024-08-08
DET(away) vs SEA(home),MLB,Alternate Runs Batted In,over,,M. Vierling,1.5,8.5,750,pp;0;ss;rbi;1.5,2024-08-08
DET(away) vs SEA(home),MLB,Alternate Runs Batted In,over,,P. Meadows,0.5,3.1,210,pp;0;ss;rbi;0.5,2024-08-08
DET(away) vs SEA(home),MLB,Alternate Runs Batted In,over,,P. Meadows,1.5,7.0,600,pp;0;ss;rbi;1.5,2024-08-08
DET(away) vs SEA(home),MLB,Alternate Runs Batted In,over,,P. Meadows,2.5,13.0,1200,pp;0;ss;rbi;2.5,2024-08-08
DET(away) vs SEA(home),MLB,Alternate Runs Batted In,over,,J. Baez,0.5,4.2,320,pp;0;ss;rbi;0.5,2024-08-08
DET(away) vs SEA(home),MLB,Alternate Runs Batted In,over,,J. Baez,1.5,11.0,1000,pp;0;ss;rbi;1.5,2024-08-08
DET(away) vs SEA(home),MLB,Alternate Runs Batted In,over,,Z. Mckinstry,0.5,3.3,230,pp;0;ss;rbi;0.5,2024-08-08
DET(away) vs SEA(home),MLB,Alternate Runs Batted In,over,,Z. Mckinstry,1.5,8.0,700,pp;0;ss;rbi;1.5,2024-08-08
DET(away) vs SEA(home),MLB,Alternate Runs Batted In,over,,Z. Mckinstry,2.5,16.0,1500,pp;0;ss;rbi;2.5,2024-08-08
DET(away) vs SEA(home),MLB,Alternate Runs Batted In,over,,W. Perez,0.5,3.4,240,pp;0;ss;rbi;0.5,2024-08-08
DET(away) vs SEA(home),MLB,Alternate Runs Batted In,over,,W. Perez,1.5,9.5,850,pp;0;ss;rbi;1.5,2024-08-08
DET(away) vs SEA(home),MLB,Alternate Runs Batted In,over,,J. Rojas,0.5,3.25,225,pp;0;ss;rbi;0.5,2024-08-08
DET(away) vs SEA(home),MLB,Alternate Runs Batted In,over,,J. Rojas,1.5,7.5,650,pp;0;ss;rbi;1.5,2024-08-08
DET(away) vs SEA(home),MLB,Alternate Runs Batted In,over,,J. Rojas,2.5,16.0,1500,pp;0;ss;rbi;2.5,2024-08-08
DET(away) vs SEA(home),MLB,Alternate Runs Batted In,over,,L. Raley,0.5,2.9,190,pp;0;ss;rbi;0.5,2024-08-08
DET(away) vs SEA(home),MLB,Alternate Runs Batted In,over,,L. Raley,1.5,6.5,550,pp;0;ss;rbi;1.5,2024-08-08
DET(away) vs SEA(home),MLB,Alternate Runs Batted In,over,,L. Raley,2.5,15.0,1400,pp;0;ss;rbi;2.5,2024-08-08
DET(away) vs SEA(home),MLB,Alternate Runs Batted In,over,,J. Malloy,0.5,3.4,240,pp;0;ss;rbi;0.5,2024-08-08
DET(away) vs SEA(home),MLB,Alternate Runs Batted In,over,,J. Malloy,1.5,9.5,850,pp;0;ss;rbi;1.5,2024-08-08
DET(away) vs SEA(home),MLB,Alternate Runs Batted In,over,,D. Dingler,0.5,3.6,260,pp;0;ss;rbi;0.5,2024-08-08
DET(away) vs SEA(home),MLB,Alternate Runs Batted In,over,,D. Dingler,1.5,9.0,800,pp;0;ss;rbi;1.5,2024-08-08
DET(away) vs SEA(home),MLB,Player Total Bases,over,,B. Madris,0.5,1.6452,-155,pp;0;ou;tb;0.5,2024-08-08
DET(away) vs SEA(home),MLB,Player Total Bases,under,,B. Madris,0.5,2.15,115,pp;0;ou;tb;0.5,2024-08-08
DET(away) vs SEA(home),MLB,Player Total Bases,over,,D. Moore,0.5,1.6897,-145,pp;0;ou;tb;0.5,2024-08-08
DET(away) vs SEA(home),MLB,Player Total Bases,under,,D. Moore,0.5,2.05,105,pp;0;ou;tb;0.5,2024-08-08
DET(away) vs SEA(home),MLB,Player Total Bases,over,,C. Raleigh,1.5,2.0,100,pp;0;ou;tb;1.5,2024-08-08
DET(away) vs SEA(home),MLB,Player Total Bases,under,,C. Raleigh,1.5,1.7143,-140,pp;0;ou;tb;1.5,2024-08-08
DET(away) vs SEA(home),MLB,Player Total Bases,over,,C. Keith,1.5,2.25,125,pp;0;ou;tb;1.5,2024-08-08
DET(away) vs SEA(home),MLB,Player Total Bases,under,,C. Keith,1.5,1.5883,-170,pp;0;ou;tb;1.5,2024-08-08
DET(away) vs SEA(home),MLB,Player Total Bases,over,,J. Turner,1.5,2.35,135,pp;0;ou;tb;1.5,2024-08-08
DET(away) vs SEA(home),MLB,Player Total Bases,under,,J. Turner,1.5,1.5264,-190,pp;0;ou;tb;1.5,2024-08-08
DET(away) vs SEA(home),MLB,Player Total Bases,over,,J. Polanco,0.5,1.6452,-155,pp;0;ou;tb;0.5,2024-08-08
DET(away) vs SEA(home),MLB,Player Total Bases,under,,J. Polanco,0.5,2.15,115,pp;0;ou;tb;0.5,2024-08-08
DET(away) vs SEA(home),MLB,Player Total Bases,over,,V. Robles,1.5,2.25,125,pp;0;ou;tb;1.5,2024-08-08
DET(away) vs SEA(home),MLB,Player Total Bases,under,,V. Robles,1.5,1.5883,-170,pp;0;ou;tb;1.5,2024-08-08
DET(away) vs SEA(home),MLB,Player Total Bases,over,,M. Haniger,1.5,2.3,130,pp;0;ou;tb;1.5,2024-08-08
DET(away) vs SEA(home),MLB,Player Total Bases,under,,M. Haniger,1.5,1.5556,-180,pp;0;ou;tb;1.5,2024-08-08
DET(away) vs SEA(home),MLB,Player Total Bases,over,,R. Arozarena,1.5,2.15,115,pp;0;ou;tb;1.5,2024-08-08
DET(away) vs SEA(home),MLB,Player Total Bases,under,,R. Arozarena,1.5,1.6452,-155,pp;0;ou;tb;1.5,2024-08-08
DET(away) vs SEA(home),MLB,Player Total Bases,over,,M. Vierling,1.5,2.4,140,pp;0;ou;tb;1.5,2024-08-08
DET(away) vs SEA(home),MLB,Player Total Bases,under,,M. Vierling,1.5,1.5,-200,pp;0;ou;tb;1.5,2024-08-08
DET(away) vs SEA(home),MLB,Player Total Bases,over,,P. Meadows,0.5,1.8,-125,pp;0;ou;tb;0.5,2024-08-08
DET(away) vs SEA(home),MLB,Player Total Bases,under,,P. Meadows,0.5,1.9091,-110,pp;0;ou;tb;0.5,2024-08-08
DET(away) vs SEA(home),MLB,Player Total Bases,over,,J. Baez,0.5,1.8,-125,pp;0;ou;tb;0.5,2024-08-08
DET(away) vs SEA(home),MLB,Player Total Bases,under,,J. Baez,0.5,1.9091,-110,pp;0;ou;tb;0.5,2024-08-08
DET(away) vs SEA(home),MLB,Player Total Bases,over,,Z. Mckinstry,0.5,1.6897,-145,pp;0;ou;tb;0.5,2024-08-08
DET(away) vs SEA(home),MLB,Player Total Bases,under,,Z. Mckinstry,0.5,2.05,105,pp;0;ou;tb;0.5,2024-08-08
DET(away) vs SEA(home),MLB,Player Total Bases,over,,W. Perez,0.5,1.5,-200,pp;0;ou;tb;0.5,2024-08-08
DET(away) vs SEA(home),MLB,Player Total Bases,under,,W. Perez,0.5,2.4,140,pp;0;ou;tb;0.5,2024-08-08
DET(away) vs SEA(home),MLB,Player Total Bases,over,,J. Rojas,0.5,1.7693,-130,pp;0;ou;tb;0.5,2024-08-08
DET(away) vs SEA(home),MLB,Player Total Bases,under,,J. Rojas,0.5,1.9524,-105,pp;0;ou;tb;0.5,2024-08-08
DET(away) vs SEA(home),MLB,Player Total Bases,over,,L. Raley,0.5,1.6452,-155,pp;0;ou;tb;0.5,2024-08-08
DET(away) vs SEA(home),MLB,Player Total Bases,under,,L. Raley,0.5,2.15,115,pp;0;ou;tb;0.5,2024-08-08
DET(away) vs SEA(home),MLB,Player Total Bases,over,,J. Malloy,0.5,1.7693,-130,pp;0;ou;tb;0.5,2024-08-08
DET(away) vs SEA(home),MLB,Player Total Bases,under,,J. Malloy,0.5,1.9524,-105,pp;0;ou;tb;0.5,2024-08-08
DET(away) vs SEA(home),MLB,Player Total Bases,over,,D. Dingler,0.5,1.8,-125,pp;0;ou;tb;0.5,2024-08-08
DET(away) vs SEA(home),MLB,Player Total Bases,under,,D. Dingler,0.5,1.9091,-110,pp;0;ou;tb;0.5,2024-08-08
DET(away) vs SEA(home),MLB,Alternate Pitcher Strikeouts,over,,B. Woo,1.5,1.0143,-6993,pp;0;ss;so;1.5,2024-08-08
DET(away) vs SEA(home),MLB,Alternate Pitcher Strikeouts,over,,B. Woo,2.5,1.0667,-1499,pp;0;ss;so;2.5,2024-08-08
DET(away) vs SEA(home),MLB,Alternate Pitcher Strikeouts,over,,B. Woo,3.5,1.1819,-550,pp;0;ss;so;3.5,2024-08-08
DET(away) vs SEA(home),MLB,Alternate Pitcher Strikeouts,over,,B. Woo,4.5,1.4167,-240,pp;0;ss;so;4.5,2024-08-08
DET(away) vs SEA(home),MLB,Alternate Pitcher Strikeouts,over,,B. Woo,5.5,1.8696,-115,pp;0;ss;so;5.5,2024-08-08
DET(away) vs SEA(home),MLB,Alternate Pitcher Strikeouts,over,,B. Woo,6.5,2.65,165,pp;0;ss;so;6.5,2024-08-08
DET(away) vs SEA(home),MLB,Alternate Pitcher Strikeouts,over,,B. Woo,7.5,4.0,300,pp;0;ss;so;7.5,2024-08-08
DET(away) vs SEA(home),MLB,Alternate Pitcher Strikeouts,over,,B. Woo,8.5,6.5,550,pp;0;ss;so;8.5,2024-08-08
DET(away) vs SEA(home),MLB,Alternate Pitcher Strikeouts,over,,B. Woo,9.5,11.0,1000,pp;0;ss;so;9.5,2024-08-08
LAA(away) vs WAS(home),MLB,Moneyline OF,,home,,0.0,1.8,-125,s;0;m,2024-08-09
LAA(away) vs WAS(home),MLB,Moneyline OF,,away,,0.0,2.05,105,s;0;m,2024-08-09
LAA(away) vs WAS(home),MLB,Run Line,,home,,-1.5,2.5,150,s;0;s;-1.5,2024-08-09
LAA(away) vs WAS(home),MLB,Run Line,,away,,1.5,1.5556,-180,s;0;s;-1.5,2024-08-09
LAA(away) vs WAS(home),MLB,Total Runs OF,over,,,9.0,1.9091,-110,s;0;ou;9.0,2024-08-09
LAA(away) vs WAS(home),MLB,Total Runs OF,under,,,9.0,1.9091,-110,s;0;ou;9.0,2024-08-09
LAA(away) vs WAS(home),MLB,Total Runs - AWAYTEAM OF,over,away,,4.5,2.05,105,s;0;tt;4.5;away,2024-08-09
LAA(away) vs WAS(home),MLB,Total Runs - AWAYTEAM OF,under,away,,4.5,1.7143,-140,s;0;tt;4.5;away,2024-08-09
LAA(away) vs WAS(home),MLB,Total Runs - HOMETEAM OF,over,home,,4.5,1.9091,-110,s;0;tt;4.5;home,2024-08-09
LAA(away) vs WAS(home),MLB,Total Runs - HOMETEAM OF,under,home,,4.5,1.8334,-120,s;0;tt;4.5;home,2024-08-09
TEX(away) vs NYY(home),MLB,Moneyline OF,,home,,0.0,1.5556,-180,s;0;m,2024-08-09
TEX(away) vs NYY(home),MLB,Moneyline OF,,away,,0.0,2.5,150,s;0;m,2024-08-09
TEX(away) vs NYY(home),MLB,Run Line,,home,,-1.5,2.15,115,s;0;s;-1.5,2024-08-09
TEX(away) vs NYY(home),MLB,Run Line,,away,,1.5,1.7143,-140,s;0;s;-1.5,2024-08-09
TEX(away) vs NYY(home),MLB,Total Runs OF,over,,,8.5,1.8334,-120,s;0;ou;8.5,2024-08-09
TEX(away) vs NYY(home),MLB,Total Runs OF,under,,,8.5,2.0,100,s;0;ou;8.5,2024-08-09
TEX(away) vs NYY(home),MLB,Total Runs - AWAYTEAM OF,over,away,,3.5,1.8696,-115,s;0;tt;3.5;away,2024-08-09
TEX(away) vs NYY(home),MLB,Total Runs - AWAYTEAM OF,under,away,,3.5,1.8696,-115,s;0;tt;3.5;away,2024-08-09
TEX(away) vs NYY(home),MLB,Total Runs - HOMETEAM OF,over,home,,4.5,1.8334,-120,s;0;tt;4.5;home,2024-08-09
TEX(away) vs NYY(home),MLB,Total Runs - HOMETEAM OF,under,home,,4.5,1.9091,-110,s;0;tt;4.5;home,2024-08-09
SD(away) vs FLA(home),MLB,Moneyline OF,,home,,0.0,2.2,120,s;0;m,2024-08-09
SD(away) vs FLA(home),MLB,Moneyline OF,,away,,0.0,1.6897,-145,s;0;m,2024-08-09
SD(away) vs FLA(home),MLB,Run Line,,home,,1.5,1.7693,-130,s;0;s;1.5,2024-08-09
SD(away) vs FLA(home),MLB,Run Line,,away,,-1.5,2.1,110,s;0;s;1.5,2024-08-09
SD(away) vs FLA(home),MLB,Total Runs OF,over,,,8.5,1.9524,-105,s;0;ou;8.5,2024-08-09
SD(away) vs FLA(home),MLB,Total Runs OF,under,,,8.5,1.8696,-115,s;0;ou;8.5,2024-08-09
SD(away) vs FLA(home),MLB,Total Runs - AWAYTEAM OF,over,away,,4.5,1.8696,-115,s;0;tt;4.5;away,2024-08-09
SD(away) vs FLA(home),MLB,Total Runs - AWAYTEAM OF,under,away,,4.5,1.8696,-115,s;0;tt;4.5;away,2024-08-09
SD(away) vs FLA(home),MLB,Total Runs - HOMETEAM OF,over,home,,3.5,1.9091,-110,s;0;tt;3.5;home,2024-08-09
SD(away) vs FLA(home),MLB,Total Runs - HOMETEAM OF,under,home,,3.5,1.8334,-120,s;0;tt;3.5;home,2024-08-09
