,index,cutoffAt,isAlternate,key,limits,matchupId,period,prices,status,type,version,side,designation,price,points,participantId
0,0,2024-07-07T01:40:00+00:00,False,s;0;m,"[{'amount': 10000, 'type': 'maxRiskStake'}]",1593490645,0,"{'designation': 'home', 'price': -121}",open,moneyline,2595401944.0,,home,-121,nan,
1,0,2024-07-07T01:40:00+00:00,False,s;0;m,"[{'amount': 10000, 'type': 'maxRiskStake'}]",1593490645,0,"{'designation': 'away', 'price': 112}",open,moneyline,2595401944.0,,away,112,nan,
2,1,2024-07-07T01:40:00+00:00,False,s;0;tt;3.5;home,"[{'amount': 2000, 'type': 'maxRiskStake'}]",1593490645,0,"{'designation': 'over', 'points': 3.5, 'price': -129}",open,team_total,2595401944.0,home,over,-129,3.5,
3,1,2024-07-07T01:40:00+00:00,False,s;0;tt;3.5;home,"[{'amount': 2000, 'type': 'maxRiskStake'}]",1593490645,0,"{'designation': 'under', 'points': 3.5, 'price': 110}",open,team_total,2595401944.0,home,under,110,3.5,
4,2,2024-07-07T01:40:00+00:00,False,s;0;tt;3.5;away,"[{'amount': 2000, 'type': 'maxRiskStake'}]",1593490645,0,"{'designation': 'over', 'points': 3.5, 'price': -116}",open,team_total,2595401944.0,away,over,-116,3.5,
5,2,2024-07-07T01:40:00+00:00,False,s;0;tt;3.5;away,"[{'amount': 2000, 'type': 'maxRiskStake'}]",1593490645,0,"{'designation': 'under', 'points': 3.5, 'price': -101}",open,team_total,2595401944.0,away,under,-101,3.5,
6,3,2024-07-07T01:40:00+00:00,False,s;0;s;-1.5,"[{'amount': 10000, 'type': 'maxRiskStake'}]",1593490645,0,"{'designation': 'home', 'points': -1.5, 'price': 175}",open,spread,2595401944.0,,home,175,-1.5,
7,3,2024-07-07T01:40:00+00:00,False,s;0;s;-1.5,"[{'amount': 10000, 'type': 'maxRiskStake'}]",1593490645,0,"{'designation': 'away', 'points': 1.5, 'price': -197}",open,spread,2595401944.0,,away,-197,1.5,
8,4,2024-07-07T01:40:00+00:00,True,s;0;s;1.5,"[{'amount': 10000, 'type': 'maxRiskStake'}]",1593490645,0,"{'designation': 'home', 'points': 1.5, 'price': -219}",open,spread,2595401944.0,,home,-219,1.5,
9,4,2024-07-07T01:40:00+00:00,True,s;0;s;1.5,"[{'amount': 10000, 'type': 'maxRiskStake'}]",1593490645,0,"{'designation': 'away', 'points': -1.5, 'price': 180}",open,spread,2595401944.0,,away,180,-1.5,
10,5,2024-07-07T01:40:00+00:00,True,s;0;s;1.0,"[{'amount': 10000, 'type': 'maxRiskStake'}]",1593490645,0,"{'designation': 'home', 'points': 1.0, 'price': -174}",open,spread,2595401944.0,,home,-174,1.0,
11,5,2024-07-07T01:40:00+00:00,True,s;0;s;1.0,"[{'amount': 10000, 'type': 'maxRiskStake'}]",1593490645,0,"{'designation': 'away', 'points': -1.0, 'price': 149}",open,spread,2595401944.0,,away,149,-1.0,
12,6,2024-07-07T01:40:00+00:00,True,s;0;s;-1.0,"[{'amount': 10000, 'type': 'maxRiskStake'}]",1593490645,0,"{'designation': 'home', 'points': -1.0, 'price': 124}",open,spread,2595401944.0,,home,124,-1.0,
13,6,2024-07-07T01:40:00+00:00,True,s;0;s;-1.0,"[{'amount': 10000, 'type': 'maxRiskStake'}]",1593490645,0,"{'designation': 'away', 'points': 1.0, 'price': -140}",open,spread,2595401944.0,,away,-140,1.0,
14,7,2024-07-07T01:40:00+00:00,True,s;0;s;-2.0,"[{'amount': 10000, 'type': 'maxRiskStake'}]",1593490645,0,"{'designation': 'home', 'points': -2.0, 'price': 240}",open,spread,2595401944.0,,home,240,-2.0,
15,7,2024-07-07T01:40:00+00:00,True,s;0;s;-2.0,"[{'amount': 10000, 'type': 'maxRiskStake'}]",1593490645,0,"{'designation': 'away', 'points': 2.0, 'price': -285}",open,spread,2595401944.0,,away,-285,2.0,
16,8,2024-07-07T01:40:00+00:00,True,s;0;s;-2.5,"[{'amount': 10000, 'type': 'maxRiskStake'}]",1593490645,0,"{'designation': 'home', 'points': -2.5, 'price': 270}",open,spread,2595401944.0,,home,270,-2.5,
17,8,2024-07-07T01:40:00+00:00,True,s;0;s;-2.5,"[{'amount': 10000, 'type': 'maxRiskStake'}]",1593490645,0,"{'designation': 'away', 'points': 2.5, 'price': -337}",open,spread,2595401944.0,,away,-337,2.5,
18,9,2024-07-07T01:40:00+00:00,True,s;0;s;-3.0,"[{'amount': 10000, 'type': 'maxRiskStake'}]",1593490645,0,"{'designation': 'home', 'points': -3.0, 'price': 373}",open,spread,2595401944.0,,home,373,-3.0,
19,9,2024-07-07T01:40:00+00:00,True,s;0;s;-3.0,"[{'amount': 10000, 'type': 'maxRiskStake'}]",1593490645,0,"{'designation': 'away', 'points': 3.0, 'price': -522}",open,spread,2595401944.0,,away,-522,3.0,
20,10,2024-07-07T01:40:00+00:00,False,s;0;ou;7.5,"[{'amount': 5000, 'type': 'maxRiskStake'}]",1593490645,0,"{'designation': 'over', 'points': 7.5, 'price': -104}",open,total,2595401944.0,,over,-104,7.5,
21,10,2024-07-07T01:40:00+00:00,False,s;0;ou;7.5,"[{'amount': 5000, 'type': 'maxRiskStake'}]",1593490645,0,"{'designation': 'under', 'points': 7.5, 'price': -108}",open,total,2595401944.0,,under,-108,7.5,
22,11,2024-07-07T01:40:00+00:00,True,s;0;ou;4.5,"[{'amount': 5000, 'type': 'maxRiskStake'}]",1593490645,0,"{'designation': 'over', 'points': 4.5, 'price': -518}",open,total,2595401944.0,,over,-518,4.5,
23,11,2024-07-07T01:40:00+00:00,True,s;0;ou;4.5,"[{'amount': 5000, 'type': 'maxRiskStake'}]",1593490645,0,"{'designation': 'under', 'points': 4.5, 'price': 371}",open,total,2595401944.0,,under,371,4.5,
24,12,2024-07-07T01:40:00+00:00,True,s;0;ou;6.0,"[{'amount': 5000, 'type': 'maxRiskStake'}]",1593490645,0,"{'designation': 'over', 'points': 6.0, 'price': -220}",open,total,2595401944.0,,over,-220,6.0,
25,12,2024-07-07T01:40:00+00:00,True,s;0;ou;6.0,"[{'amount': 5000, 'type': 'maxRiskStake'}]",1593490645,0,"{'designation': 'under', 'points': 6.0, 'price': 190}",open,total,2595401944.0,,under,190,6.0,
26,13,2024-07-07T01:40:00+00:00,True,s;0;ou;6.5,"[{'amount': 5000, 'type': 'maxRiskStake'}]",1593490645,0,"{'designation': 'over', 'points': 6.5, 'price': -168}",open,total,2595401944.0,,over,-168,6.5,
27,13,2024-07-07T01:40:00+00:00,True,s;0;ou;6.5,"[{'amount': 5000, 'type': 'maxRiskStake'}]",1593490645,0,"{'designation': 'under', 'points': 6.5, 'price': 148}",open,total,2595401944.0,,under,148,6.5,
28,14,2024-07-07T01:40:00+00:00,True,s;0;ou;7.0,"[{'amount': 5000, 'type': 'maxRiskStake'}]",1593490645,0,"{'designation': 'over', 'points': 7.0, 'price': -139}",open,total,2595401944.0,,over,-139,7.0,
29,14,2024-07-07T01:40:00+00:00,True,s;0;ou;7.0,"[{'amount': 5000, 'type': 'maxRiskStake'}]",1593490645,0,"{'designation': 'under', 'points': 7.0, 'price': 123}",open,total,2595401944.0,,under,123,7.0,
30,15,2024-07-07T01:40:00+00:00,True,s;0;ou;8.0,"[{'amount': 5000, 'type': 'maxRiskStake'}]",1593490645,0,"{'designation': 'over', 'points': 8.0, 'price': 114}",open,total,2595401944.0,,over,114,8.0,
31,15,2024-07-07T01:40:00+00:00,True,s;0;ou;8.0,"[{'amount': 5000, 'type': 'maxRiskStake'}]",1593490645,0,"{'designation': 'under', 'points': 8.0, 'price': -128}",open,total,2595401944.0,,under,-128,8.0,
32,16,2024-07-07T01:40:00+00:00,True,s;0;ou;8.5,"[{'amount': 5000, 'type': 'maxRiskStake'}]",1593490645,0,"{'designation': 'over', 'points': 8.5, 'price': 133}",open,total,2595401944.0,,over,133,8.5,
33,16,2024-07-07T01:40:00+00:00,True,s;0;ou;8.5,"[{'amount': 5000, 'type': 'maxRiskStake'}]",1593490645,0,"{'designation': 'under', 'points': 8.5, 'price': -150}",open,total,2595401944.0,,under,-150,8.5,
34,17,2024-07-07T01:40:00+00:00,True,s;0;ou;9.0,"[{'amount': 5000, 'type': 'maxRiskStake'}]",1593490645,0,"{'designation': 'over', 'points': 9.0, 'price': 174}",open,total,2595401944.0,,over,174,9.0,
35,17,2024-07-07T01:40:00+00:00,True,s;0;ou;9.0,"[{'amount': 5000, 'type': 'maxRiskStake'}]",1593490645,0,"{'designation': 'under', 'points': 9.0, 'price': -200}",open,total,2595401944.0,,under,-200,9.0,
36,18,2024-07-07T01:40:00+00:00,True,s;0;ou;11.5,"[{'amount': 5000, 'type': 'maxRiskStake'}]",1593490645,0,"{'designation': 'over', 'points': 11.5, 'price': 379}",open,total,2595401944.0,,over,379,11.5,
37,18,2024-07-07T01:40:00+00:00,True,s;0;ou;11.5,"[{'amount': 5000, 'type': 'maxRiskStake'}]",1593490645,0,"{'designation': 'under', 'points': 11.5, 'price': -532}",open,total,2595401944.0,,under,-532,11.5,
38,19,2024-07-07T01:40:00+00:00,False,s;1;tt;1.5;home,"[{'amount': 1000, 'type': 'maxRiskStake'}]",1593490645,1,"{'designation': 'over', 'points': 1.5, 'price': -137}",open,team_total,2595401944.0,home,over,-137,1.5,
39,19,2024-07-07T01:40:00+00:00,False,s;1;tt;1.5;home,"[{'amount': 1000, 'type': 'maxRiskStake'}]",1593490645,1,"{'designation': 'under', 'points': 1.5, 'price': 112}",open,team_total,2595401944.0,home,under,112,1.5,
40,20,2024-07-07T01:40:00+00:00,False,s;1;tt;1.5;away,"[{'amount': 1000, 'type': 'maxRiskStake'}]",1593490645,1,"{'designation': 'over', 'points': 1.5, 'price': -126}",open,team_total,2595401944.0,away,over,-126,1.5,
41,20,2024-07-07T01:40:00+00:00,False,s;1;tt;1.5;away,"[{'amount': 1000, 'type': 'maxRiskStake'}]",1593490645,1,"{'designation': 'under', 'points': 1.5, 'price': 104}",open,team_total,2595401944.0,away,under,104,1.5,
42,21,2024-07-07T01:40:00+00:00,False,s;1;s;0.0,"[{'amount': 5000, 'type': 'maxRiskStake'}]",1593490645,1,"{'designation': 'home', 'points': 0.0, 'price': -111}",open,spread,2595401944.0,,home,-111,0.0,
43,21,2024-07-07T01:40:00+00:00,False,s;1;s;0.0,"[{'amount': 5000, 'type': 'maxRiskStake'}]",1593490645,1,"{'designation': 'away', 'points': -0.0, 'price': -102}",open,spread,2595401944.0,,away,-102,-0.0,
44,22,2024-07-07T01:40:00+00:00,True,s;1;s;1.0,"[{'amount': 5000, 'type': 'maxRiskStake'}]",1593490645,1,"{'designation': 'home', 'points': 1.0, 'price': -244}",open,spread,2595401944.0,,home,-244,1.0,
45,22,2024-07-07T01:40:00+00:00,True,s;1;s;1.0,"[{'amount': 5000, 'type': 'maxRiskStake'}]",1593490645,1,"{'designation': 'away', 'points': -1.0, 'price': 199}",open,spread,2595401944.0,,away,199,-1.0,
46,23,2024-07-07T01:40:00+00:00,True,s;1;s;0.5,"[{'amount': 5000, 'type': 'maxRiskStake'}]",1593490645,1,"{'designation': 'home', 'points': 0.5, 'price': -156}",open,spread,2595401944.0,,home,-156,0.5,
47,23,2024-07-07T01:40:00+00:00,True,s;1;s;0.5,"[{'amount': 5000, 'type': 'maxRiskStake'}]",1593490645,1,"{'designation': 'away', 'points': -0.5, 'price': 135}",open,spread,2595401944.0,,away,135,-0.5,
48,24,2024-07-07T01:40:00+00:00,True,s;1;s;-0.5,"[{'amount': 5000, 'type': 'maxRiskStake'}]",1593490645,1,"{'designation': 'home', 'points': -0.5, 'price': 126}",open,spread,2595401944.0,,home,126,-0.5,
49,24,2024-07-07T01:40:00+00:00,True,s;1;s;-0.5,"[{'amount': 5000, 'type': 'maxRiskStake'}]",1593490645,1,"{'designation': 'away', 'points': 0.5, 'price': -145}",open,spread,2595401944.0,,away,-145,0.5,
50,25,2024-07-07T01:40:00+00:00,True,s;1;s;-1.0,"[{'amount': 5000, 'type': 'maxRiskStake'}]",1593490645,1,"{'designation': 'home', 'points': -1.0, 'price': 179}",open,spread,2595401944.0,,home,179,-1.0,
51,25,2024-07-07T01:40:00+00:00,True,s;1;s;-1.0,"[{'amount': 5000, 'type': 'maxRiskStake'}]",1593490645,1,"{'designation': 'away', 'points': 1.0, 'price': -217}",open,spread,2595401944.0,,away,-217,1.0,
52,26,2024-07-07T01:40:00+00:00,False,s;1;ou;4.0,"[{'amount': 3000, 'type': 'maxRiskStake'}]",1593490645,1,"{'designation': 'over', 'points': 4.0, 'price': -103}",open,total,2595401944.0,,over,-103,4.0,
53,26,2024-07-07T01:40:00+00:00,False,s;1;ou;4.0,"[{'amount': 3000, 'type': 'maxRiskStake'}]",1593490645,1,"{'designation': 'under', 'points': 4.0, 'price': -111}",open,total,2595401944.0,,under,-111,4.0,
54,27,2024-07-07T01:40:00+00:00,True,s;1;ou;3.0,"[{'amount': 3000, 'type': 'maxRiskStake'}]",1593490645,1,"{'designation': 'over', 'points': 3.0, 'price': -209}",open,total,2595401944.0,,over,-209,3.0,
55,27,2024-07-07T01:40:00+00:00,True,s;1;ou;3.0,"[{'amount': 3000, 'type': 'maxRiskStake'}]",1593490645,1,"{'designation': 'under', 'points': 3.0, 'price': 177}",open,total,2595401944.0,,under,177,3.0,
56,28,2024-07-07T01:40:00+00:00,True,s;1;ou;3.5,"[{'amount': 3000, 'type': 'maxRiskStake'}]",1593490645,1,"{'designation': 'over', 'points': 3.5, 'price': -137}",open,total,2595401944.0,,over,-137,3.5,
57,28,2024-07-07T01:40:00+00:00,True,s;1;ou;3.5,"[{'amount': 3000, 'type': 'maxRiskStake'}]",1593490645,1,"{'designation': 'under', 'points': 3.5, 'price': 119}",open,total,2595401944.0,,under,119,3.5,
58,29,2024-07-07T01:40:00+00:00,True,s;1;ou;4.5,"[{'amount': 3000, 'type': 'maxRiskStake'}]",1593490645,1,"{'designation': 'over', 'points': 4.5, 'price': 127}",open,total,2595401944.0,,over,127,4.5,
59,29,2024-07-07T01:40:00+00:00,True,s;1;ou;4.5,"[{'amount': 3000, 'type': 'maxRiskStake'}]",1593490645,1,"{'designation': 'under', 'points': 4.5, 'price': -146}",open,total,2595401944.0,,under,-146,4.5,
60,30,2024-07-07T01:40:00+00:00,True,s;1;ou;5.0,"[{'amount': 3000, 'type': 'maxRiskStake'}]",1593490645,1,"{'designation': 'over', 'points': 5.0, 'price': 168}",open,total,2595401944.0,,over,168,5.0,
61,30,2024-07-07T01:40:00+00:00,True,s;1;ou;5.0,"[{'amount': 3000, 'type': 'maxRiskStake'}]",1593490645,1,"{'designation': 'under', 'points': 5.0, 'price': -197}",open,total,2595401944.0,,under,-197,5.0,
62,31,2024-07-07T01:40:00+00:00,False,s;3;m,"[{'amount': 1000, 'type': 'maxRiskStake'}]",1593490645,3,"{'designation': 'home', 'price': 277}",open,moneyline,2595401944.0,,home,277,nan,
63,31,2024-07-07T01:40:00+00:00,False,s;3;m,"[{'amount': 1000, 'type': 'maxRiskStake'}]",1593490645,3,"{'designation': 'away', 'price': 323}",open,moneyline,2595401944.0,,away,323,nan,
64,31,2024-07-07T01:40:00+00:00,False,s;3;m,"[{'amount': 1000, 'type': 'maxRiskStake'}]",1593490645,3,"{'designation': 'draw', 'price': -134}",open,moneyline,2595401944.0,,draw,-134,nan,
65,32,2024-07-07T01:40:00+00:00,False,s;3;s;0.0,"[{'amount': 1000, 'type': 'maxRiskStake'}]",1593490645,3,"{'designation': 'home', 'points': 0.0, 'price': -124}",open,spread,2595401944.0,,home,-124,0.0,
66,32,2024-07-07T01:40:00+00:00,False,s;3;s;0.0,"[{'amount': 1000, 'type': 'maxRiskStake'}]",1593490645,3,"{'designation': 'away', 'points': -0.0, 'price': 106}",open,spread,2595401944.0,,away,106,-0.0,
67,33,2024-07-07T01:40:00+00:00,False,s;3;ou;0.5,"[{'amount': 1000, 'type': 'maxRiskStake'}]",1593490645,3,"{'designation': 'over', 'points': 0.5, 'price': 102}",open,total,2595401944.0,,over,102,0.5,
68,33,2024-07-07T01:40:00+00:00,False,s;3;ou;0.5,"[{'amount': 1000, 'type': 'maxRiskStake'}]",1593490645,3,"{'designation': 'under', 'points': 0.5, 'price': -119}",open,total,2595401944.0,,under,-119,0.5,
69,34,2024-07-07T01:40:00+00:00,,s;0;m,"[{'amount': 1000, 'type': 'maxRiskStake'}]",1593551771,0,"{'participantId': 1593551778, 'price': -135}",,moneyline,,,,-135,nan,1593551778.0
70,34,2024-07-07T01:40:00+00:00,,s;0;m,"[{'amount': 1000, 'type': 'maxRiskStake'}]",1593551771,0,"{'participantId': 1593551779, 'price': 117}",,moneyline,,,,117,nan,1593551779.0
71,35,2024-07-07T01:40:00+00:00,False,s;0;ou;24.5,"[{'amount': 500, 'type': 'maxRiskStake'}]",1593551794,0,"{'designation': 'over', 'points': 24.5, 'price': -111}",open,total,2595401944.0,,over,-111,24.5,
72,35,2024-07-07T01:40:00+00:00,False,s;0;ou;24.5,"[{'amount': 500, 'type': 'maxRiskStake'}]",1593551794,0,"{'designation': 'under', 'points': 24.5, 'price': -109}",open,total,2595401944.0,,under,-109,24.5,
73,36,2024-07-07T01:40:00+00:00,,s;1;m,"[{'amount': 500, 'type': 'maxRiskStake'}]",1593551858,1,"{'participantId': 1593551861, 'price': -104}",,moneyline,4235230161.0,,,-104,nan,1593551861.0
74,36,2024-07-07T01:40:00+00:00,,s;1;m,"[{'amount': 500, 'type': 'maxRiskStake'}]",1593551858,1,"{'participantId': 1593551862, 'price': -110}",,moneyline,4235230161.0,,,-110,nan,1593551862.0
75,37,2024-07-07T01:40:00+00:00,,s;0;m,"[{'amount': 1000, 'type': 'maxRiskStake'}]",1593551867,0,"{'participantId': 1593551872, 'price': 484}",,moneyline,4236004191.0,,,484,nan,1593551872.0
76,37,2024-07-07T01:40:00+00:00,,s;0;m,"[{'amount': 1000, 'type': 'maxRiskStake'}]",1593551867,0,"{'participantId': 1593551873, 'price': 454}",,moneyline,4236004191.0,,,454,nan,1593551873.0
77,37,2024-07-07T01:40:00+00:00,,s;0;m,"[{'amount': 1000, 'type': 'maxRiskStake'}]",1593551867,0,"{'participantId': 1593551874, 'price': 487}",,moneyline,4236004191.0,,,487,nan,1593551874.0
78,37,2024-07-07T01:40:00+00:00,,s;0;m,"[{'amount': 1000, 'type': 'maxRiskStake'}]",1593551867,0,"{'participantId': 1593551875, 'price': 587}",,moneyline,4236004191.0,,,587,nan,1593551875.0
79,37,2024-07-07T01:40:00+00:00,,s;0;m,"[{'amount': 1000, 'type': 'maxRiskStake'}]",1593551867,0,"{'participantId': 1593551876, 'price': 753}",,moneyline,4236004191.0,,,753,nan,1593551876.0
80,37,2024-07-07T01:40:00+00:00,,s;0;m,"[{'amount': 1000, 'type': 'maxRiskStake'}]",1593551867,0,"{'participantId': 1593551877, 'price': 1000}",,moneyline,4236004191.0,,,1000,nan,1593551877.0
81,37,2024-07-07T01:40:00+00:00,,s;0;m,"[{'amount': 1000, 'type': 'maxRiskStake'}]",1593551867,0,"{'participantId': 1593551878, 'price': 618}",,moneyline,4236004191.0,,,618,nan,1593551878.0
82,37,2024-07-07T01:40:00+00:00,,s;0;m,"[{'amount': 1000, 'type': 'maxRiskStake'}]",1593551867,0,"{'participantId': 1593551870, 'price': 1063}",,moneyline,4236004191.0,,,1063,nan,1593551870.0
83,37,2024-07-07T01:40:00+00:00,,s;0;m,"[{'amount': 1000, 'type': 'maxRiskStake'}]",1593551867,0,"{'participantId': 1593551871, 'price': 621}",,moneyline,4236004191.0,,,621,nan,1593551871.0
84,38,2024-07-07T01:40:00+00:00,,s;1;m,"[{'amount': 500, 'type': 'maxRiskStake'}]",1593551937,1,"{'participantId': 1593551939, 'price': 115}",,moneyline,4235383416.0,,,115,nan,1593551939.0
85,38,2024-07-07T01:40:00+00:00,,s;1;m,"[{'amount': 500, 'type': 'maxRiskStake'}]",1593551937,1,"{'participantId': 1593551940, 'price': -132}",,moneyline,4235383416.0,,,-132,nan,1593551940.0
86,39,2024-07-07T01:40:00+00:00,,s;0;m,"[{'amount': 1000, 'type': 'maxRiskStake'}]",1593551955,0,"{'participantId': 1593551958, 'price': -104}",,moneyline,4236004191.0,,,-104,nan,1593551958.0
87,39,2024-07-07T01:40:00+00:00,,s;0;m,"[{'amount': 1000, 'type': 'maxRiskStake'}]",1593551955,0,"{'participantId': 1593551959, 'price': -111}",,moneyline,4236004191.0,,,-111,nan,1593551959.0
88,40,2024-07-07T01:40:00+00:00,,s;0;m,"[{'amount': 1000, 'type': 'maxRiskStake'}]",1593552028,0,"{'participantId': 1593552032, 'price': 544}",,moneyline,4236004191.0,,,544,nan,1593552032.0
89,40,2024-07-07T01:40:00+00:00,,s;0;m,"[{'amount': 1000, 'type': 'maxRiskStake'}]",1593552028,0,"{'participantId': 1593552033, 'price': 465}",,moneyline,4236004191.0,,,465,nan,1593552033.0
90,40,2024-07-07T01:40:00+00:00,,s;0;m,"[{'amount': 1000, 'type': 'maxRiskStake'}]",1593552028,0,"{'participantId': 1593552034, 'price': 470}",,moneyline,4236004191.0,,,470,nan,1593552034.0
91,40,2024-07-07T01:40:00+00:00,,s;0;m,"[{'amount': 1000, 'type': 'maxRiskStake'}]",1593552028,0,"{'participantId': 1593552035, 'price': 521}",,moneyline,4236004191.0,,,521,nan,1593552035.0
92,40,2024-07-07T01:40:00+00:00,,s;0;m,"[{'amount': 1000, 'type': 'maxRiskStake'}]",1593552028,0,"{'participantId': 1593552036, 'price': 633}",,moneyline,4236004191.0,,,633,nan,1593552036.0
93,40,2024-07-07T01:40:00+00:00,,s;0;m,"[{'amount': 1000, 'type': 'maxRiskStake'}]",1593552028,0,"{'participantId': 1593552037, 'price': 803}",,moneyline,4236004191.0,,,803,nan,1593552037.0
94,40,2024-07-07T01:40:00+00:00,,s;0;m,"[{'amount': 1000, 'type': 'maxRiskStake'}]",1593552028,0,"{'participantId': 1593552038, 'price': 1052}",,moneyline,4236004191.0,,,1052,nan,1593552038.0
95,40,2024-07-07T01:40:00+00:00,,s;0;m,"[{'amount': 1000, 'type': 'maxRiskStake'}]",1593552028,0,"{'participantId': 1593552039, 'price': 623}",,moneyline,4236004191.0,,,623,nan,1593552039.0
96,40,2024-07-07T01:40:00+00:00,,s;0;m,"[{'amount': 1000, 'type': 'maxRiskStake'}]",1593552028,0,"{'participantId': 1593552031, 'price': 907}",,moneyline,4236004191.0,,,907,nan,1593552031.0
97,41,2024-07-07T01:40:00+00:00,,s;0;m,"[{'amount': 1000, 'type': 'maxRiskStake'}]",1593552054,0,"{'participantId': 1593552057, 'price': -164}",,moneyline,4235983106.0,,,-164,nan,1593552057.0
98,41,2024-07-07T01:40:00+00:00,,s;0;m,"[{'amount': 1000, 'type': 'maxRiskStake'}]",1593552054,0,"{'participantId': 1593552058, 'price': 141}",,moneyline,4235983106.0,,,141,nan,1593552058.0
99,42,2024-07-07T01:40:00+00:00,,s;0;m,"[{'amount': 1000, 'type': 'maxRiskStake'}]",1593552070,0,"{'participantId': 1593552073, 'price': -103}",,moneyline,,,,-103,nan,1593552073.0
100,42,2024-07-07T01:40:00+00:00,,s;0;m,"[{'amount': 1000, 'type': 'maxRiskStake'}]",1593552070,0,"{'participantId': 1593552074, 'price': -111}",,moneyline,,,,-111,nan,1593552074.0
101,43,2024-07-07T01:40:00+00:00,,s;1;m,"[{'amount': 1000, 'type': 'maxRiskStake'}]",1593552098,1,"{'participantId': 1593552101, 'price': 354}",,moneyline,4235383416.0,,,354,nan,1593552101.0
102,43,2024-07-07T01:40:00+00:00,,s;1;m,"[{'amount': 1000, 'type': 'maxRiskStake'}]",1593552098,1,"{'participantId': 1593552102, 'price': 340}",,moneyline,4235383416.0,,,340,nan,1593552102.0
103,43,2024-07-07T01:40:00+00:00,,s;1;m,"[{'amount': 1000, 'type': 'maxRiskStake'}]",1593552098,1,"{'participantId': 1593552103, 'price': 1781}",,moneyline,4235383416.0,,,1781,nan,1593552103.0
104,43,2024-07-07T01:40:00+00:00,,s;1;m,"[{'amount': 1000, 'type': 'maxRiskStake'}]",1593552098,1,"{'participantId': 1593552104, 'price': 310}",,moneyline,4235383416.0,,,310,nan,1593552104.0
105,43,2024-07-07T01:40:00+00:00,,s;1;m,"[{'amount': 1000, 'type': 'maxRiskStake'}]",1593552098,1,"{'participantId': 1593552105, 'price': 316}",,moneyline,4235383416.0,,,316,nan,1593552105.0
106,43,2024-07-07T01:40:00+00:00,,s;1;m,"[{'amount': 1000, 'type': 'maxRiskStake'}]",1593552098,1,"{'participantId': 1593552106, 'price': 516}",,moneyline,4235383416.0,,,516,nan,1593552106.0
107,44,2024-07-07T01:40:00+00:00,,s;0;m,"[{'amount': 500, 'type': 'maxRiskStake'}]",1593552126,0,"{'participantId': 1593552129, 'price': 3873}",,moneyline,4236004191.0,,,3873,nan,1593552129.0
108,44,2024-07-07T01:40:00+00:00,,s;0;m,"[{'amount': 500, 'type': 'maxRiskStake'}]",1593552126,0,"{'participantId': 1593552130, 'price': 3631}",,moneyline,4236004191.0,,,3631,nan,1593552130.0
109,44,2024-07-07T01:40:00+00:00,,s;0;m,"[{'amount': 500, 'type': 'maxRiskStake'}]",1593552126,0,"{'participantId': 1593552131, 'price': 3745}",,moneyline,4236004191.0,,,3745,nan,1593552131.0
110,44,2024-07-07T01:40:00+00:00,,s;0;m,"[{'amount': 500, 'type': 'maxRiskStake'}]",1593552126,0,"{'participantId': 1593552132, 'price': 4286}",,moneyline,4236004191.0,,,4286,nan,1593552132.0
111,44,2024-07-07T01:40:00+00:00,,s;0;m,"[{'amount': 500, 'type': 'maxRiskStake'}]",1593552126,0,"{'participantId': 1593552133, 'price': 4977}",,moneyline,4236004191.0,,,4977,nan,1593552133.0
112,44,2024-07-07T01:40:00+00:00,,s;0;m,"[{'amount': 500, 'type': 'maxRiskStake'}]",1593552126,0,"{'participantId': 1593552134, 'price': 5803}",,moneyline,4236004191.0,,,5803,nan,1593552134.0
113,44,2024-07-07T01:40:00+00:00,,s;0;m,"[{'amount': 500, 'type': 'maxRiskStake'}]",1593552126,0,"{'participantId': 1593552135, 'price': 6935}",,moneyline,4236004191.0,,,6935,nan,1593552135.0
114,44,2024-07-07T01:40:00+00:00,,s;0;m,"[{'amount': 500, 'type': 'maxRiskStake'}]",1593552126,0,"{'participantId': 1593552136, 'price': 3150}",,moneyline,4236004191.0,,,3150,nan,1593552136.0
115,44,2024-07-07T01:40:00+00:00,,s;0;m,"[{'amount': 500, 'type': 'maxRiskStake'}]",1593552126,0,"{'participantId': 1593552137, 'price': 2280}",,moneyline,4236004191.0,,,2280,nan,1593552137.0
116,44,2024-07-07T01:40:00+00:00,,s;0;m,"[{'amount': 500, 'type': 'maxRiskStake'}]",1593552126,0,"{'participantId': 1593552138, 'price': 2431}",,moneyline,4236004191.0,,,2431,nan,1593552138.0
117,44,2024-07-07T01:40:00+00:00,,s;0;m,"[{'amount': 500, 'type': 'maxRiskStake'}]",1593552126,0,"{'participantId': 1593552139, 'price': 2725}",,moneyline,4236004191.0,,,2725,nan,1593552139.0
118,44,2024-07-07T01:40:00+00:00,,s;0;m,"[{'amount': 500, 'type': 'maxRiskStake'}]",1593552126,0,"{'participantId': 1593552140, 'price': 3320}",,moneyline,4236004191.0,,,3320,nan,1593552140.0
119,44,2024-07-07T01:40:00+00:00,,s;0;m,"[{'amount': 500, 'type': 'maxRiskStake'}]",1593552126,0,"{'participantId': 1593552141, 'price': 4074}",,moneyline,4236004191.0,,,4074,nan,1593552141.0
120,44,2024-07-07T01:40:00+00:00,,s;0;m,"[{'amount': 500, 'type': 'maxRiskStake'}]",1593552126,0,"{'participantId': 1593552142, 'price': 5072}",,moneyline,4236004191.0,,,5072,nan,1593552142.0
121,44,2024-07-07T01:40:00+00:00,,s;0;m,"[{'amount': 500, 'type': 'maxRiskStake'}]",1593552126,0,"{'participantId': 1593552143, 'price': 3276}",,moneyline,4236004191.0,,,3276,nan,1593552143.0
122,44,2024-07-07T01:40:00+00:00,,s;0;m,"[{'amount': 500, 'type': 'maxRiskStake'}]",1593552126,0,"{'participantId': 1593552144, 'price': 1739}",,moneyline,4236004191.0,,,1739,nan,1593552144.0
123,44,2024-07-07T01:40:00+00:00,,s;0;m,"[{'amount': 500, 'type': 'maxRiskStake'}]",1593552126,0,"{'participantId': 1593552145, 'price': 1966}",,moneyline,4236004191.0,,,1966,nan,1593552145.0
124,44,2024-07-07T01:40:00+00:00,,s;0;m,"[{'amount': 500, 'type': 'maxRiskStake'}]",1593552126,0,"{'participantId': 1593552146, 'price': 2255}",,moneyline,4236004191.0,,,2255,nan,1593552146.0
125,44,2024-07-07T01:40:00+00:00,,s;0;m,"[{'amount': 500, 'type': 'maxRiskStake'}]",1593552126,0,"{'participantId': 1593552147, 'price': 2719}",,moneyline,4236004191.0,,,2719,nan,1593552147.0
126,44,2024-07-07T01:40:00+00:00,,s;0;m,"[{'amount': 500, 'type': 'maxRiskStake'}]",1593552126,0,"{'participantId': 1593552148, 'price': 3543}",,moneyline,4236004191.0,,,3543,nan,1593552148.0
127,44,2024-07-07T01:40:00+00:00,,s;0;m,"[{'amount': 500, 'type': 'maxRiskStake'}]",1593552126,0,"{'participantId': 1593552149, 'price': 4342}",,moneyline,4236004191.0,,,4342,nan,1593552149.0
128,44,2024-07-07T01:40:00+00:00,,s;0;m,"[{'amount': 500, 'type': 'maxRiskStake'}]",1593552126,0,"{'participantId': 1593552150, 'price': 3413}",,moneyline,4236004191.0,,,3413,nan,1593552150.0
129,44,2024-07-07T01:40:00+00:00,,s;0;m,"[{'amount': 500, 'type': 'maxRiskStake'}]",1593552126,0,"{'participantId': 1593552151, 'price': 2236}",,moneyline,4236004191.0,,,2236,nan,1593552151.0
130,44,2024-07-07T01:40:00+00:00,,s;0;m,"[{'amount': 500, 'type': 'maxRiskStake'}]",1593552126,0,"{'participantId': 1593552152, 'price': 1471}",,moneyline,4236004191.0,,,1471,nan,1593552152.0
131,44,2024-07-07T01:40:00+00:00,,s;0;m,"[{'amount': 500, 'type': 'maxRiskStake'}]",1593552126,0,"{'participantId': 1593552153, 'price': 2096}",,moneyline,4236004191.0,,,2096,nan,1593552153.0
132,44,2024-07-07T01:40:00+00:00,,s;0;m,"[{'amount': 500, 'type': 'maxRiskStake'}]",1593552126,0,"{'participantId': 1593552154, 'price': 2617}",,moneyline,4236004191.0,,,2617,nan,1593552154.0
133,44,2024-07-07T01:40:00+00:00,,s;0;m,"[{'amount': 500, 'type': 'maxRiskStake'}]",1593552126,0,"{'participantId': 1593552155, 'price': 3172}",,moneyline,4236004191.0,,,3172,nan,1593552155.0
134,44,2024-07-07T01:40:00+00:00,,s;0;m,"[{'amount': 500, 'type': 'maxRiskStake'}]",1593552126,0,"{'participantId': 1593552156, 'price': 4111}",,moneyline,4236004191.0,,,4111,nan,1593552156.0
135,44,2024-07-07T01:40:00+00:00,,s;0;m,"[{'amount': 500, 'type': 'maxRiskStake'}]",1593552126,0,"{'participantId': 1593552157, 'price': 3865}",,moneyline,4236004191.0,,,3865,nan,1593552157.0
136,44,2024-07-07T01:40:00+00:00,,s;0;m,"[{'amount': 500, 'type': 'maxRiskStake'}]",1593552126,0,"{'participantId': 1593552158, 'price': 2517}",,moneyline,4236004191.0,,,2517,nan,1593552158.0
137,44,2024-07-07T01:40:00+00:00,,s;0;m,"[{'amount': 500, 'type': 'maxRiskStake'}]",1593552126,0,"{'participantId': 1593552159, 'price': 2186}",,moneyline,4236004191.0,,,2186,nan,1593552159.0
138,44,2024-07-07T01:40:00+00:00,,s;0;m,"[{'amount': 500, 'type': 'maxRiskStake'}]",1593552126,0,"{'participantId': 1593552160, 'price': 1573}",,moneyline,4236004191.0,,,1573,nan,1593552160.0
139,44,2024-07-07T01:40:00+00:00,,s;0;m,"[{'amount': 500, 'type': 'maxRiskStake'}]",1593552126,0,"{'participantId': 1593552161, 'price': 2549}",,moneyline,4236004191.0,,,2549,nan,1593552161.0
140,44,2024-07-07T01:40:00+00:00,,s;0;m,"[{'amount': 500, 'type': 'maxRiskStake'}]",1593552126,0,"{'participantId': 1593552162, 'price': 3191}",,moneyline,4236004191.0,,,3191,nan,1593552162.0
141,44,2024-07-07T01:40:00+00:00,,s;0;m,"[{'amount': 500, 'type': 'maxRiskStake'}]",1593552126,0,"{'participantId': 1593552163, 'price': 4067}",,moneyline,4236004191.0,,,4067,nan,1593552163.0
142,44,2024-07-07T01:40:00+00:00,,s;0;m,"[{'amount': 500, 'type': 'maxRiskStake'}]",1593552126,0,"{'participantId': 1593552164, 'price': 4505}",,moneyline,4236004191.0,,,4505,nan,1593552164.0
143,44,2024-07-07T01:40:00+00:00,,s;0;m,"[{'amount': 500, 'type': 'maxRiskStake'}]",1593552126,0,"{'participantId': 1593552165, 'price': 3031}",,moneyline,4236004191.0,,,3031,nan,1593552165.0
144,44,2024-07-07T01:40:00+00:00,,s;0;m,"[{'amount': 500, 'type': 'maxRiskStake'}]",1593552126,0,"{'participantId': 1593552166, 'price': 2614}",,moneyline,4236004191.0,,,2614,nan,1593552166.0
145,44,2024-07-07T01:40:00+00:00,,s;0;m,"[{'amount': 500, 'type': 'maxRiskStake'}]",1593552126,0,"{'participantId': 1593552167, 'price': 2664}",,moneyline,4236004191.0,,,2664,nan,1593552167.0
146,44,2024-07-07T01:40:00+00:00,,s;0;m,"[{'amount': 500, 'type': 'maxRiskStake'}]",1593552126,0,"{'participantId': 1593552168, 'price': 1930}",,moneyline,4236004191.0,,,1930,nan,1593552168.0
147,44,2024-07-07T01:40:00+00:00,,s;0;m,"[{'amount': 500, 'type': 'maxRiskStake'}]",1593552126,0,"{'participantId': 1593552169, 'price': 3372}",,moneyline,4236004191.0,,,3372,nan,1593552169.0
148,44,2024-07-07T01:40:00+00:00,,s;0;m,"[{'amount': 500, 'type': 'maxRiskStake'}]",1593552126,0,"{'participantId': 1593552170, 'price': 4258}",,moneyline,4236004191.0,,,4258,nan,1593552170.0
149,44,2024-07-07T01:40:00+00:00,,s;0;m,"[{'amount': 500, 'type': 'maxRiskStake'}]",1593552126,0,"{'participantId': 1593552171, 'price': 5271}",,moneyline,4236004191.0,,,5271,nan,1593552171.0
150,44,2024-07-07T01:40:00+00:00,,s;0;m,"[{'amount': 500, 'type': 'maxRiskStake'}]",1593552126,0,"{'participantId': 1593552172, 'price': 3728}",,moneyline,4236004191.0,,,3728,nan,1593552172.0
151,44,2024-07-07T01:40:00+00:00,,s;0;m,"[{'amount': 500, 'type': 'maxRiskStake'}]",1593552126,0,"{'participantId': 1593552173, 'price': 3366}",,moneyline,4236004191.0,,,3366,nan,1593552173.0
152,44,2024-07-07T01:40:00+00:00,,s;0;m,"[{'amount': 500, 'type': 'maxRiskStake'}]",1593552126,0,"{'participantId': 1593552174, 'price': 3178}",,moneyline,4236004191.0,,,3178,nan,1593552174.0
153,44,2024-07-07T01:40:00+00:00,,s;0;m,"[{'amount': 500, 'type': 'maxRiskStake'}]",1593552126,0,"{'participantId': 1593552175, 'price': 3360}",,moneyline,4236004191.0,,,3360,nan,1593552175.0
154,44,2024-07-07T01:40:00+00:00,,s;0;m,"[{'amount': 500, 'type': 'maxRiskStake'}]",1593552126,0,"{'participantId': 1593552176, 'price': 2593}",,moneyline,4236004191.0,,,2593,nan,1593552176.0
155,44,2024-07-07T01:40:00+00:00,,s;0;m,"[{'amount': 500, 'type': 'maxRiskStake'}]",1593552126,0,"{'participantId': 1593552177, 'price': 4694}",,moneyline,4236004191.0,,,4694,nan,1593552177.0
156,44,2024-07-07T01:40:00+00:00,,s;0;m,"[{'amount': 500, 'type': 'maxRiskStake'}]",1593552126,0,"{'participantId': 1593552178, 'price': 6328}",,moneyline,4236004191.0,,,6328,nan,1593552178.0
157,44,2024-07-07T01:40:00+00:00,,s;0;m,"[{'amount': 500, 'type': 'maxRiskStake'}]",1593552126,0,"{'participantId': 1593552179, 'price': 4646}",,moneyline,4236004191.0,,,4646,nan,1593552179.0
158,44,2024-07-07T01:40:00+00:00,,s;0;m,"[{'amount': 500, 'type': 'maxRiskStake'}]",1593552126,0,"{'participantId': 1593552180, 'price': 4123}",,moneyline,4236004191.0,,,4123,nan,1593552180.0
159,44,2024-07-07T01:40:00+00:00,,s;0;m,"[{'amount': 500, 'type': 'maxRiskStake'}]",1593552126,0,"{'participantId': 1593552181, 'price': 4057}",,moneyline,4236004191.0,,,4057,nan,1593552181.0
160,44,2024-07-07T01:40:00+00:00,,s;0;m,"[{'amount': 500, 'type': 'maxRiskStake'}]",1593552126,0,"{'participantId': 1593552182, 'price': 4185}",,moneyline,4236004191.0,,,4185,nan,1593552182.0
161,44,2024-07-07T01:40:00+00:00,,s;0;m,"[{'amount': 500, 'type': 'maxRiskStake'}]",1593552126,0,"{'participantId': 1593552183, 'price': 4631}",,moneyline,4236004191.0,,,4631,nan,1593552183.0
162,44,2024-07-07T01:40:00+00:00,,s;0;m,"[{'amount': 500, 'type': 'maxRiskStake'}]",1593552126,0,"{'participantId': 1593552184, 'price': 3670}",,moneyline,4236004191.0,,,3670,nan,1593552184.0
163,45,2024-07-07T01:40:00+00:00,,s;1;m,"[{'amount': 500, 'type': 'maxRiskStake'}]",1593552219,1,"{'participantId': 1593552224, 'price': -131}",,moneyline,4235380125.0,,,-131,nan,1593552224.0
164,45,2024-07-07T01:40:00+00:00,,s;1;m,"[{'amount': 500, 'type': 'maxRiskStake'}]",1593552219,1,"{'participantId': 1593552223, 'price': 114}",,moneyline,4235380125.0,,,114,nan,1593552223.0
165,46,2024-07-07T01:40:00+00:00,,s;0;m,"[{'amount': 1000, 'type': 'maxRiskStake'}]",1593552237,0,"{'participantId': 1593552295, 'price': 345}",,moneyline,4236004191.0,,,345,nan,1593552295.0
166,46,2024-07-07T01:40:00+00:00,,s;0;m,"[{'amount': 1000, 'type': 'maxRiskStake'}]",1593552237,0,"{'participantId': 1593552296, 'price': 313}",,moneyline,4236004191.0,,,313,nan,1593552296.0
167,46,2024-07-07T01:40:00+00:00,,s;0;m,"[{'amount': 1000, 'type': 'maxRiskStake'}]",1593552237,0,"{'participantId': 1593552297, 'price': 252}",,moneyline,4236004191.0,,,252,nan,1593552297.0
168,46,2024-07-07T01:40:00+00:00,,s;0;m,"[{'amount': 1000, 'type': 'maxRiskStake'}]",1593552237,0,"{'participantId': 1593552298, 'price': 194}",,moneyline,4236004191.0,,,194,nan,1593552298.0
169,47,2024-07-07T01:40:00+00:00,,s;0;m,"[{'amount': 1000, 'type': 'maxRiskStake'}]",1593552314,0,"{'participantId': 1593552317, 'price': 545}",,moneyline,4235983106.0,,,545,nan,1593552317.0
170,47,2024-07-07T01:40:00+00:00,,s;0;m,"[{'amount': 1000, 'type': 'maxRiskStake'}]",1593552314,0,"{'participantId': 1593552318, 'price': 680}",,moneyline,4235983106.0,,,680,nan,1593552318.0
171,47,2024-07-07T01:40:00+00:00,,s;0;m,"[{'amount': 1000, 'type': 'maxRiskStake'}]",1593552314,0,"{'participantId': 1593552319, 'price': 866}",,moneyline,4235983106.0,,,866,nan,1593552319.0
172,47,2024-07-07T01:40:00+00:00,,s;0;m,"[{'amount': 1000, 'type': 'maxRiskStake'}]",1593552314,0,"{'participantId': 1593552320, 'price': 1189}",,moneyline,4235983106.0,,,1189,nan,1593552320.0
173,47,2024-07-07T01:40:00+00:00,,s;0;m,"[{'amount': 1000, 'type': 'maxRiskStake'}]",1593552314,0,"{'participantId': 1593552321, 'price': 673}",,moneyline,4235983106.0,,,673,nan,1593552321.0
174,47,2024-07-07T01:40:00+00:00,,s;0;m,"[{'amount': 1000, 'type': 'maxRiskStake'}]",1593552314,0,"{'participantId': 1593552322, 'price': 366}",,moneyline,4235983106.0,,,366,nan,1593552322.0
175,47,2024-07-07T01:40:00+00:00,,s;0;m,"[{'amount': 1000, 'type': 'maxRiskStake'}]",1593552314,0,"{'participantId': 1593552323, 'price': 671}",,moneyline,4235983106.0,,,671,nan,1593552323.0
176,47,2024-07-07T01:40:00+00:00,,s;0;m,"[{'amount': 1000, 'type': 'maxRiskStake'}]",1593552314,0,"{'participantId': 1593552324, 'price': 836}",,moneyline,4235983106.0,,,836,nan,1593552324.0
177,47,2024-07-07T01:40:00+00:00,,s;0;m,"[{'amount': 1000, 'type': 'maxRiskStake'}]",1593552314,0,"{'participantId': 1593552325, 'price': 1126}",,moneyline,4235983106.0,,,1126,nan,1593552325.0
178,47,2024-07-07T01:40:00+00:00,,s;0;m,"[{'amount': 1000, 'type': 'maxRiskStake'}]",1593552314,0,"{'participantId': 1593552326, 'price': 625}",,moneyline,4235983106.0,,,625,nan,1593552326.0
179,48,2024-07-07T01:40:00+00:00,,s;0;m,"[{'amount': 1000, 'type': 'maxRiskStake'}]",1593552358,0,"{'participantId': 1593552361, 'price': 295}",,moneyline,4235983106.0,,,295,nan,1593552361.0
180,48,2024-07-07T01:40:00+00:00,,s;0;m,"[{'amount': 1000, 'type': 'maxRiskStake'}]",1593552358,0,"{'participantId': 1593552362, 'price': 540}",,moneyline,4235983106.0,,,540,nan,1593552362.0
181,48,2024-07-07T01:40:00+00:00,,s;0;m,"[{'amount': 1000, 'type': 'maxRiskStake'}]",1593552358,0,"{'participantId': 1593552363, 'price': 1057}",,moneyline,4235983106.0,,,1057,nan,1593552363.0
182,48,2024-07-07T01:40:00+00:00,,s;0;m,"[{'amount': 1000, 'type': 'maxRiskStake'}]",1593552358,0,"{'participantId': 1593552364, 'price': 1423}",,moneyline,4235983106.0,,,1423,nan,1593552364.0
183,48,2024-07-07T01:40:00+00:00,,s;0;m,"[{'amount': 1000, 'type': 'maxRiskStake'}]",1593552358,0,"{'participantId': 1593552365, 'price': 219}",,moneyline,4235983106.0,,,219,nan,1593552365.0
184,48,2024-07-07T01:40:00+00:00,,s;0;m,"[{'amount': 1000, 'type': 'maxRiskStake'}]",1593552358,0,"{'participantId': 1593552366, 'price': 514}",,moneyline,4235983106.0,,,514,nan,1593552366.0
185,48,2024-07-07T01:40:00+00:00,,s;0;m,"[{'amount': 1000, 'type': 'maxRiskStake'}]",1593552358,0,"{'participantId': 1593552367, 'price': 989}",,moneyline,4235983106.0,,,989,nan,1593552367.0
186,48,2024-07-07T01:40:00+00:00,,s;0;m,"[{'amount': 1000, 'type': 'maxRiskStake'}]",1593552358,0,"{'participantId': 1593552368, 'price': 1337}",,moneyline,4235983106.0,,,1337,nan,1593552368.0
187,49,2024-07-07T01:40:00+00:00,,s;0;m,"[{'amount': 1000, 'type': 'maxRiskStake'}]",1593552387,0,"{'participantId': 1593552390, 'price': 2184}",,moneyline,4236004191.0,,,2184,nan,1593552390.0
188,49,2024-07-07T01:40:00+00:00,,s;0;m,"[{'amount': 1000, 'type': 'maxRiskStake'}]",1593552387,0,"{'participantId': 1593552391, 'price': 2167}",,moneyline,4236004191.0,,,2167,nan,1593552391.0
189,49,2024-07-07T01:40:00+00:00,,s;0;m,"[{'amount': 1000, 'type': 'maxRiskStake'}]",1593552387,0,"{'participantId': 1593552392, 'price': 875}",,moneyline,4236004191.0,,,875,nan,1593552392.0
190,49,2024-07-07T01:40:00+00:00,,s;0;m,"[{'amount': 1000, 'type': 'maxRiskStake'}]",1593552387,0,"{'participantId': 1593552393, 'price': 1060}",,moneyline,4236004191.0,,,1060,nan,1593552393.0
191,49,2024-07-07T01:40:00+00:00,,s;0;m,"[{'amount': 1000, 'type': 'maxRiskStake'}]",1593552387,0,"{'participantId': 1593552394, 'price': 596}",,moneyline,4236004191.0,,,596,nan,1593552394.0
192,49,2024-07-07T01:40:00+00:00,,s;0;m,"[{'amount': 1000, 'type': 'maxRiskStake'}]",1593552387,0,"{'participantId': 1593552395, 'price': 812}",,moneyline,4236004191.0,,,812,nan,1593552395.0
193,49,2024-07-07T01:40:00+00:00,,s;0;m,"[{'amount': 1000, 'type': 'maxRiskStake'}]",1593552387,0,"{'participantId': 1593552396, 'price': 567}",,moneyline,4236004191.0,,,567,nan,1593552396.0
194,49,2024-07-07T01:40:00+00:00,,s;0;m,"[{'amount': 1000, 'type': 'maxRiskStake'}]",1593552387,0,"{'participantId': 1593552397, 'price': 863}",,moneyline,4236004191.0,,,863,nan,1593552397.0
195,49,2024-07-07T01:40:00+00:00,,s;0;m,"[{'amount': 1000, 'type': 'maxRiskStake'}]",1593552387,0,"{'participantId': 1593552398, 'price': 670}",,moneyline,4236004191.0,,,670,nan,1593552398.0
196,49,2024-07-07T01:40:00+00:00,,s;0;m,"[{'amount': 1000, 'type': 'maxRiskStake'}]",1593552387,0,"{'participantId': 1593552399, 'price': 1019}",,moneyline,4236004191.0,,,1019,nan,1593552399.0
197,49,2024-07-07T01:40:00+00:00,,s;0;m,"[{'amount': 1000, 'type': 'maxRiskStake'}]",1593552387,0,"{'participantId': 1593552400, 'price': 911}",,moneyline,4236004191.0,,,911,nan,1593552400.0
198,49,2024-07-07T01:40:00+00:00,,s;0;m,"[{'amount': 1000, 'type': 'maxRiskStake'}]",1593552387,0,"{'participantId': 1593552401, 'price': 1404}",,moneyline,4236004191.0,,,1404,nan,1593552401.0
199,49,2024-07-07T01:40:00+00:00,,s;0;m,"[{'amount': 1000, 'type': 'maxRiskStake'}]",1593552387,0,"{'participantId': 1593552402, 'price': 1357}",,moneyline,4236004191.0,,,1357,nan,1593552402.0
200,49,2024-07-07T01:40:00+00:00,,s;0;m,"[{'amount': 1000, 'type': 'maxRiskStake'}]",1593552387,0,"{'participantId': 1593552403, 'price': 2098}",,moneyline,4236004191.0,,,2098,nan,1593552403.0
201,49,2024-07-07T01:40:00+00:00,,s;0;m,"[{'amount': 1000, 'type': 'maxRiskStake'}]",1593552387,0,"{'participantId': 1593552404, 'price': 962}",,moneyline,4236004191.0,,,962,nan,1593552404.0
202,50,2024-07-07T01:40:00+00:00,,s;0;m,"[{'amount': 1000, 'type': 'maxRiskStake'}]",1593552420,0,"{'participantId': 1593552423, 'price': 568}",,moneyline,4236004191.0,,,568,nan,1593552423.0
203,50,2024-07-07T01:40:00+00:00,,s;0;m,"[{'amount': 1000, 'type': 'maxRiskStake'}]",1593552420,0,"{'participantId': 1593552424, 'price': 254}",,moneyline,4236004191.0,,,254,nan,1593552424.0
204,50,2024-07-07T01:40:00+00:00,,s;0;m,"[{'amount': 1000, 'type': 'maxRiskStake'}]",1593552420,0,"{'participantId': 1593552425, 'price': 209}",,moneyline,4236004191.0,,,209,nan,1593552425.0
205,50,2024-07-07T01:40:00+00:00,,s;0;m,"[{'amount': 1000, 'type': 'maxRiskStake'}]",1593552420,0,"{'participantId': 1593552426, 'price': 391}",,moneyline,4236004191.0,,,391,nan,1593552426.0
206,50,2024-07-07T01:40:00+00:00,,s;0;m,"[{'amount': 1000, 'type': 'maxRiskStake'}]",1593552420,0,"{'participantId': 1593552427, 'price': 512}",,moneyline,4236004191.0,,,512,nan,1593552427.0
207,51,2024-07-07T01:40:00+00:00,,s;1;m,"[{'amount': 500, 'type': 'maxRiskStake'}]",1593552446,1,"{'participantId': 1593552450, 'price': 494}",,moneyline,4235383416.0,,,494,nan,1593552450.0
208,51,2024-07-07T01:40:00+00:00,,s;1;m,"[{'amount': 500, 'type': 'maxRiskStake'}]",1593552446,1,"{'participantId': 1593552451, 'price': 675}",,moneyline,4235383416.0,,,675,nan,1593552451.0
209,51,2024-07-07T01:40:00+00:00,,s;1;m,"[{'amount': 500, 'type': 'maxRiskStake'}]",1593552446,1,"{'participantId': 1593552452, 'price': 407}",,moneyline,4235383416.0,,,407,nan,1593552452.0
210,51,2024-07-07T01:40:00+00:00,,s;1;m,"[{'amount': 500, 'type': 'maxRiskStake'}]",1593552446,1,"{'participantId': 1593552453, 'price': 420}",,moneyline,4235383416.0,,,420,nan,1593552453.0
211,51,2024-07-07T01:40:00+00:00,,s;1;m,"[{'amount': 500, 'type': 'maxRiskStake'}]",1593552446,1,"{'participantId': 1593552454, 'price': 528}",,moneyline,4235383416.0,,,528,nan,1593552454.0
212,51,2024-07-07T01:40:00+00:00,,s;1;m,"[{'amount': 500, 'type': 'maxRiskStake'}]",1593552446,1,"{'participantId': 1593552455, 'price': 682}",,moneyline,4235383416.0,,,682,nan,1593552455.0
213,51,2024-07-07T01:40:00+00:00,,s;1;m,"[{'amount': 500, 'type': 'maxRiskStake'}]",1593552446,1,"{'participantId': 1593552456, 'price': 374}",,moneyline,4235383416.0,,,374,nan,1593552456.0
214,52,2024-07-07T01:40:00+00:00,,s;1;m,"[{'amount': 500, 'type': 'maxRiskStake'}]",1593552596,1,"{'participantId': 1593552608, 'price': 1545}",,moneyline,4235380125.0,,,1545,nan,1593552608.0
215,52,2024-07-07T01:40:00+00:00,,s;1;m,"[{'amount': 500, 'type': 'maxRiskStake'}]",1593552596,1,"{'participantId': 1593552609, 'price': 2047}",,moneyline,4235380125.0,,,2047,nan,1593552609.0
216,52,2024-07-07T01:40:00+00:00,,s;1;m,"[{'amount': 500, 'type': 'maxRiskStake'}]",1593552596,1,"{'participantId': 1593552610, 'price': 1394}",,moneyline,4235380125.0,,,1394,nan,1593552610.0
217,52,2024-07-07T01:40:00+00:00,,s;1;m,"[{'amount': 500, 'type': 'maxRiskStake'}]",1593552596,1,"{'participantId': 1593552599, 'price': 1226}",,moneyline,4235380125.0,,,1226,nan,1593552599.0
218,52,2024-07-07T01:40:00+00:00,,s;1;m,"[{'amount': 500, 'type': 'maxRiskStake'}]",1593552596,1,"{'participantId': 1593552600, 'price': 670}",,moneyline,4235380125.0,,,670,nan,1593552600.0
219,52,2024-07-07T01:40:00+00:00,,s;1;m,"[{'amount': 500, 'type': 'maxRiskStake'}]",1593552596,1,"{'participantId': 1593552601, 'price': 517}",,moneyline,4235380125.0,,,517,nan,1593552601.0
220,52,2024-07-07T01:40:00+00:00,,s;1;m,"[{'amount': 500, 'type': 'maxRiskStake'}]",1593552596,1,"{'participantId': 1593552602, 'price': 477}",,moneyline,4235380125.0,,,477,nan,1593552602.0
221,52,2024-07-07T01:40:00+00:00,,s;1;m,"[{'amount': 500, 'type': 'maxRiskStake'}]",1593552596,1,"{'participantId': 1593552603, 'price': 513}",,moneyline,4235380125.0,,,513,nan,1593552603.0
222,52,2024-07-07T01:40:00+00:00,,s;1;m,"[{'amount': 500, 'type': 'maxRiskStake'}]",1593552596,1,"{'participantId': 1593552604, 'price': 632}",,moneyline,4235380125.0,,,632,nan,1593552604.0
223,52,2024-07-07T01:40:00+00:00,,s;1;m,"[{'amount': 500, 'type': 'maxRiskStake'}]",1593552596,1,"{'participantId': 1593552605, 'price': 752}",,moneyline,4235380125.0,,,752,nan,1593552605.0
224,52,2024-07-07T01:40:00+00:00,,s;1;m,"[{'amount': 500, 'type': 'maxRiskStake'}]",1593552596,1,"{'participantId': 1593552606, 'price': 929}",,moneyline,4235380125.0,,,929,nan,1593552606.0
225,52,2024-07-07T01:40:00+00:00,,s;1;m,"[{'amount': 500, 'type': 'maxRiskStake'}]",1593552596,1,"{'participantId': 1593552607, 'price': 1185}",,moneyline,4235380125.0,,,1185,nan,1593552607.0
226,53,2024-07-07T01:40:00+00:00,,s;1;m,"[{'amount': 500, 'type': 'maxRiskStake'}]",1593552631,1,"{'participantId': 1593552634, 'price': 223}",,moneyline,4235380125.0,,,223,nan,1593552634.0
227,53,2024-07-07T01:40:00+00:00,,s;1;m,"[{'amount': 500, 'type': 'maxRiskStake'}]",1593552631,1,"{'participantId': 1593552635, 'price': 228}",,moneyline,4235380125.0,,,228,nan,1593552635.0
228,53,2024-07-07T01:40:00+00:00,,s;1;m,"[{'amount': 500, 'type': 'maxRiskStake'}]",1593552631,1,"{'participantId': 1593552636, 'price': 345}",,moneyline,4235380125.0,,,345,nan,1593552636.0
229,53,2024-07-07T01:40:00+00:00,,s;1;m,"[{'amount': 500, 'type': 'maxRiskStake'}]",1593552631,1,"{'participantId': 1593552637, 'price': 296}",,moneyline,4235380125.0,,,296,nan,1593552637.0
230,54,2024-07-07T01:40:00+00:00,,s;1;m,"[{'amount': 500, 'type': 'maxRiskStake'}]",1593552658,1,"{'participantId': 1593552664, 'price': 298}",,moneyline,4235383416.0,,,298,nan,1593552664.0
231,54,2024-07-07T01:40:00+00:00,,s;1;m,"[{'amount': 500, 'type': 'maxRiskStake'}]",1593552658,1,"{'participantId': 1593552665, 'price': 292}",,moneyline,4235383416.0,,,292,nan,1593552665.0
232,54,2024-07-07T01:40:00+00:00,,s;1;m,"[{'amount': 500, 'type': 'maxRiskStake'}]",1593552658,1,"{'participantId': 1593552666, 'price': 382}",,moneyline,4235383416.0,,,382,nan,1593552666.0
233,54,2024-07-07T01:40:00+00:00,,s;1;m,"[{'amount': 500, 'type': 'maxRiskStake'}]",1593552658,1,"{'participantId': 1593552667, 'price': 532}",,moneyline,4235383416.0,,,532,nan,1593552667.0
234,54,2024-07-07T01:40:00+00:00,,s;1;m,"[{'amount': 500, 'type': 'maxRiskStake'}]",1593552658,1,"{'participantId': 1593552668, 'price': 765}",,moneyline,4235383416.0,,,765,nan,1593552668.0
235,54,2024-07-07T01:40:00+00:00,,s;1;m,"[{'amount': 500, 'type': 'maxRiskStake'}]",1593552658,1,"{'participantId': 1593552669, 'price': 504}",,moneyline,4235383416.0,,,504,nan,1593552669.0
236,55,2024-07-07T01:40:00+00:00,,s;1;m,"[{'amount': 500, 'type': 'maxRiskStake'}]",1593552680,1,"{'participantId': 1593552693, 'price': 298}",,moneyline,4235380125.0,,,298,nan,1593552693.0
237,55,2024-07-07T01:40:00+00:00,,s;1;m,"[{'amount': 500, 'type': 'maxRiskStake'}]",1593552680,1,"{'participantId': 1593552694, 'price': 304}",,moneyline,4235380125.0,,,304,nan,1593552694.0
238,55,2024-07-07T01:40:00+00:00,,s;1;m,"[{'amount': 500, 'type': 'maxRiskStake'}]",1593552680,1,"{'participantId': 1593552695, 'price': 387}",,moneyline,4235380125.0,,,387,nan,1593552695.0
239,55,2024-07-07T01:40:00+00:00,,s;1;m,"[{'amount': 500, 'type': 'maxRiskStake'}]",1593552680,1,"{'participantId': 1593552696, 'price': 530}",,moneyline,4235380125.0,,,530,nan,1593552696.0
240,55,2024-07-07T01:40:00+00:00,,s;1;m,"[{'amount': 500, 'type': 'maxRiskStake'}]",1593552680,1,"{'participantId': 1593552697, 'price': 754}",,moneyline,4235380125.0,,,754,nan,1593552697.0
241,55,2024-07-07T01:40:00+00:00,,s;1;m,"[{'amount': 500, 'type': 'maxRiskStake'}]",1593552680,1,"{'participantId': 1593552698, 'price': 477}",,moneyline,4235380125.0,,,477,nan,1593552698.0
242,56,2024-07-07T01:40:00+00:00,,s;1;m,"[{'amount': 500, 'type': 'maxRiskStake'}]",1593552718,1,"{'participantId': 1593552724, 'price': 1240}",,moneyline,4235935067.0,,,1240,nan,1593552724.0
243,56,2024-07-07T01:40:00+00:00,,s;1;m,"[{'amount': 500, 'type': 'maxRiskStake'}]",1593552718,1,"{'participantId': 1593552725, 'price': 1414}",,moneyline,4235935067.0,,,1414,nan,1593552725.0
244,56,2024-07-07T01:40:00+00:00,,s;1;m,"[{'amount': 500, 'type': 'maxRiskStake'}]",1593552718,1,"{'participantId': 1593552726, 'price': 1726}",,moneyline,4235935067.0,,,1726,nan,1593552726.0
245,56,2024-07-07T01:40:00+00:00,,s;1;m,"[{'amount': 500, 'type': 'maxRiskStake'}]",1593552718,1,"{'participantId': 1593552727, 'price': 2253}",,moneyline,4235935067.0,,,2253,nan,1593552727.0
246,56,2024-07-07T01:40:00+00:00,,s;1;m,"[{'amount': 500, 'type': 'maxRiskStake'}]",1593552718,1,"{'participantId': 1593552728, 'price': 3129}",,moneyline,4235935067.0,,,3129,nan,1593552728.0
247,56,2024-07-07T01:40:00+00:00,,s;1;m,"[{'amount': 500, 'type': 'maxRiskStake'}]",1593552718,1,"{'participantId': 1593552729, 'price': 4152}",,moneyline,4235935067.0,,,4152,nan,1593552729.0
248,56,2024-07-07T01:40:00+00:00,,s;1;m,"[{'amount': 500, 'type': 'maxRiskStake'}]",1593552718,1,"{'participantId': 1593552731, 'price': 1165}",,moneyline,4235935067.0,,,1165,nan,1593552731.0
249,56,2024-07-07T01:40:00+00:00,,s;1;m,"[{'amount': 500, 'type': 'maxRiskStake'}]",1593552718,1,"{'participantId': 1593552732, 'price': 1190}",,moneyline,4235935067.0,,,1190,nan,1593552732.0
250,56,2024-07-07T01:40:00+00:00,,s;1;m,"[{'amount': 500, 'type': 'maxRiskStake'}]",1593552718,1,"{'participantId': 1593552733, 'price': 1410}",,moneyline,4235935067.0,,,1410,nan,1593552733.0
251,56,2024-07-07T01:40:00+00:00,,s;1;m,"[{'amount': 500, 'type': 'maxRiskStake'}]",1593552718,1,"{'participantId': 1593552734, 'price': 1768}",,moneyline,4235935067.0,,,1768,nan,1593552734.0
252,56,2024-07-07T01:40:00+00:00,,s;1;m,"[{'amount': 500, 'type': 'maxRiskStake'}]",1593552718,1,"{'participantId': 1593552735, 'price': 2415}",,moneyline,4235935067.0,,,2415,nan,1593552735.0
253,56,2024-07-07T01:40:00+00:00,,s;1;m,"[{'amount': 500, 'type': 'maxRiskStake'}]",1593552718,1,"{'participantId': 1593552736, 'price': 3131}",,moneyline,4235935067.0,,,3131,nan,1593552736.0
254,56,2024-07-07T01:40:00+00:00,,s;1;m,"[{'amount': 500, 'type': 'maxRiskStake'}]",1593552718,1,"{'participantId': 1593552737, 'price': 4143}",,moneyline,4235935067.0,,,4143,nan,1593552737.0
255,56,2024-07-07T01:40:00+00:00,,s;1;m,"[{'amount': 500, 'type': 'maxRiskStake'}]",1593552718,1,"{'participantId': 1593552739, 'price': 1416}",,moneyline,4235935067.0,,,1416,nan,1593552739.0
256,56,2024-07-07T01:40:00+00:00,,s;1;m,"[{'amount': 500, 'type': 'maxRiskStake'}]",1593552718,1,"{'participantId': 1593552740, 'price': 1388}",,moneyline,4235935067.0,,,1388,nan,1593552740.0
257,56,2024-07-07T01:40:00+00:00,,s;1;m,"[{'amount': 500, 'type': 'maxRiskStake'}]",1593552718,1,"{'participantId': 1593552741, 'price': 1685}",,moneyline,4235935067.0,,,1685,nan,1593552741.0
258,56,2024-07-07T01:40:00+00:00,,s;1;m,"[{'amount': 500, 'type': 'maxRiskStake'}]",1593552718,1,"{'participantId': 1593552742, 'price': 2274}",,moneyline,4235935067.0,,,2274,nan,1593552742.0
259,56,2024-07-07T01:40:00+00:00,,s;1;m,"[{'amount': 500, 'type': 'maxRiskStake'}]",1593552718,1,"{'participantId': 1593552743, 'price': 2865}",,moneyline,4235935067.0,,,2865,nan,1593552743.0
260,56,2024-07-07T01:40:00+00:00,,s;1;m,"[{'amount': 500, 'type': 'maxRiskStake'}]",1593552718,1,"{'participantId': 1593552744, 'price': 3668}",,moneyline,4235935067.0,,,3668,nan,1593552744.0
261,56,2024-07-07T01:40:00+00:00,,s;1;m,"[{'amount': 500, 'type': 'maxRiskStake'}]",1593552718,1,"{'participantId': 1593552745, 'price': 4803}",,moneyline,4235935067.0,,,4803,nan,1593552745.0
262,56,2024-07-07T01:40:00+00:00,,s;1;m,"[{'amount': 500, 'type': 'maxRiskStake'}]",1593552718,1,"{'participantId': 1593552747, 'price': 1803}",,moneyline,4235935067.0,,,1803,nan,1593552747.0
263,56,2024-07-07T01:40:00+00:00,,s;1;m,"[{'amount': 500, 'type': 'maxRiskStake'}]",1593552718,1,"{'participantId': 1593552748, 'price': 1816}",,moneyline,4235935067.0,,,1816,nan,1593552748.0
264,56,2024-07-07T01:40:00+00:00,,s;1;m,"[{'amount': 500, 'type': 'maxRiskStake'}]",1593552718,1,"{'participantId': 1593552749, 'price': 2205}",,moneyline,4235935067.0,,,2205,nan,1593552749.0
265,56,2024-07-07T01:40:00+00:00,,s;1;m,"[{'amount': 500, 'type': 'maxRiskStake'}]",1593552718,1,"{'participantId': 1593552750, 'price': 2748}",,moneyline,4235935067.0,,,2748,nan,1593552750.0
266,56,2024-07-07T01:40:00+00:00,,s;1;m,"[{'amount': 500, 'type': 'maxRiskStake'}]",1593552718,1,"{'participantId': 1593552751, 'price': 3527}",,moneyline,4235935067.0,,,3527,nan,1593552751.0
267,56,2024-07-07T01:40:00+00:00,,s;1;m,"[{'amount': 500, 'type': 'maxRiskStake'}]",1593552718,1,"{'participantId': 1593552752, 'price': 4465}",,moneyline,4235935067.0,,,4465,nan,1593552752.0
268,56,2024-07-07T01:40:00+00:00,,s;1;m,"[{'amount': 500, 'type': 'maxRiskStake'}]",1593552718,1,"{'participantId': 1593552755, 'price': 2420}",,moneyline,4235935067.0,,,2420,nan,1593552755.0
269,56,2024-07-07T01:40:00+00:00,,s;1;m,"[{'amount': 500, 'type': 'maxRiskStake'}]",1593552718,1,"{'participantId': 1593552756, 'price': 2551}",,moneyline,4235935067.0,,,2551,nan,1593552756.0
270,56,2024-07-07T01:40:00+00:00,,s;1;m,"[{'amount': 500, 'type': 'maxRiskStake'}]",1593552718,1,"{'participantId': 1593552757, 'price': 2864}",,moneyline,4235935067.0,,,2864,nan,1593552757.0
271,56,2024-07-07T01:40:00+00:00,,s;1;m,"[{'amount': 500, 'type': 'maxRiskStake'}]",1593552718,1,"{'participantId': 1593552758, 'price': 3401}",,moneyline,4235935067.0,,,3401,nan,1593552758.0
272,56,2024-07-07T01:40:00+00:00,,s;1;m,"[{'amount': 500, 'type': 'maxRiskStake'}]",1593552718,1,"{'participantId': 1593552759, 'price': 4323}",,moneyline,4235935067.0,,,4323,nan,1593552759.0
273,56,2024-07-07T01:40:00+00:00,,s;1;m,"[{'amount': 500, 'type': 'maxRiskStake'}]",1593552718,1,"{'participantId': 1593552763, 'price': 3426}",,moneyline,4235935067.0,,,3426,nan,1593552763.0
274,56,2024-07-07T01:40:00+00:00,,s;1;m,"[{'amount': 500, 'type': 'maxRiskStake'}]",1593552718,1,"{'participantId': 1593552764, 'price': 3378}",,moneyline,4235935067.0,,,3378,nan,1593552764.0
275,56,2024-07-07T01:40:00+00:00,,s;1;m,"[{'amount': 500, 'type': 'maxRiskStake'}]",1593552718,1,"{'participantId': 1593552765, 'price': 3755}",,moneyline,4235935067.0,,,3755,nan,1593552765.0
276,56,2024-07-07T01:40:00+00:00,,s;1;m,"[{'amount': 500, 'type': 'maxRiskStake'}]",1593552718,1,"{'participantId': 1593552766, 'price': 4412}",,moneyline,4235935067.0,,,4412,nan,1593552766.0
277,56,2024-07-07T01:40:00+00:00,,s;1;m,"[{'amount': 500, 'type': 'maxRiskStake'}]",1593552718,1,"{'participantId': 1593552771, 'price': 4612}",,moneyline,4235935067.0,,,4612,nan,1593552771.0
278,56,2024-07-07T01:40:00+00:00,,s;1;m,"[{'amount': 500, 'type': 'maxRiskStake'}]",1593552718,1,"{'participantId': 1593552772, 'price': 4540}",,moneyline,4235935067.0,,,4540,nan,1593552772.0
279,57,2024-07-07T01:40:00+00:00,,s;0;ou,"[{'amount': 500, 'type': 'maxRiskStake'}]",1593557518,0,"{'participantId': 1593557519, 'points': 0.5, 'price': 805}",,total,,,,805,0.5,1593557519.0
280,57,2024-07-07T01:40:00+00:00,,s;0;ou,"[{'amount': 500, 'type': 'maxRiskStake'}]",1593557518,0,"{'participantId': 1593557520, 'points': 0.5, 'price': -1900}",,total,,,,-1900,0.5,1593557520.0
281,58,2024-07-07T01:40:00+00:00,,s;0;ou,"[{'amount': 500, 'type': 'maxRiskStake'}]",1593557521,0,"{'participantId': 1593557522, 'points': 1.5, 'price': 140}",,total,,,,140,1.5,1593557522.0
282,58,2024-07-07T01:40:00+00:00,,s;0;ou,"[{'amount': 500, 'type': 'maxRiskStake'}]",1593557521,0,"{'participantId': 1593557523, 'points': 1.5, 'price': -214}",,total,,,,-214,1.5,1593557523.0
283,59,2024-07-07T01:40:00+00:00,,s;0;ou,"[{'amount': 500, 'type': 'maxRiskStake'}]",1593557524,0,"{'participantId': 1593557525, 'points': 0.5, 'price': 847}",,total,4235937780.0,,,847,0.5,1593557525.0
284,59,2024-07-07T01:40:00+00:00,,s;0;ou,"[{'amount': 500, 'type': 'maxRiskStake'}]",1593557524,0,"{'participantId': 1593557526, 'points': 0.5, 'price': -2074}",,total,4235937780.0,,,-2074,0.5,1593557526.0
285,60,2024-07-07T01:40:00+00:00,,s;0;ou,"[{'amount': 500, 'type': 'maxRiskStake'}]",1593557527,0,"{'participantId': 1593557528, 'points': 0.5, 'price': -207}",,total,4235937780.0,,,-207,0.5,1593557528.0
286,60,2024-07-07T01:40:00+00:00,,s;0;ou,"[{'amount': 500, 'type': 'maxRiskStake'}]",1593557527,0,"{'participantId': 1593557529, 'points': 0.5, 'price': 149}",,total,4235937780.0,,,149,0.5,1593557529.0
287,61,2024-07-07T01:40:00+00:00,,s;0;ou,"[{'amount': 500, 'type': 'maxRiskStake'}]",1593557533,0,"{'participantId': 1593557534, 'points': 0.5, 'price': -122}",,total,4235740976.0,,,-122,0.5,1593557534.0
288,61,2024-07-07T01:40:00+00:00,,s;0;ou,"[{'amount': 500, 'type': 'maxRiskStake'}]",1593557533,0,"{'participantId': 1593557535, 'points': 0.5, 'price': -108}",,total,4235740976.0,,,-108,0.5,1593557535.0
289,62,2024-07-07T01:40:00+00:00,,s;0;ou,"[{'amount': 500, 'type': 'maxRiskStake'}]",1593557536,0,"{'participantId': 1593557537, 'points': 0.5, 'price': 582}",,total,4235937780.0,,,582,0.5,1593557537.0
290,62,2024-07-07T01:40:00+00:00,,s;0;ou,"[{'amount': 500, 'type': 'maxRiskStake'}]",1593557536,0,"{'participantId': 1593557538, 'points': 0.5, 'price': -1113}",,total,4235937780.0,,,-1113,0.5,1593557538.0
291,63,2024-07-07T01:40:00+00:00,,s;0;ou,"[{'amount': 500, 'type': 'maxRiskStake'}]",1593557539,0,"{'participantId': 1593557540, 'points': 0.5, 'price': -147}",,total,4235937780.0,,,-147,0.5,1593557540.0
292,63,2024-07-07T01:40:00+00:00,,s;0;ou,"[{'amount': 500, 'type': 'maxRiskStake'}]",1593557539,0,"{'participantId': 1593557541, 'points': 0.5, 'price': 110}",,total,4235937780.0,,,110,0.5,1593557541.0
293,64,2024-07-07T01:40:00+00:00,,s;0;ou,"[{'amount': 500, 'type': 'maxRiskStake'}]",1593557542,0,"{'participantId': 1593557543, 'points': 0.5, 'price': 375}",,total,4235937780.0,,,375,0.5,1593557543.0
294,64,2024-07-07T01:40:00+00:00,,s;0;ou,"[{'amount': 500, 'type': 'maxRiskStake'}]",1593557542,0,"{'participantId': 1593557544, 'points': 0.5, 'price': -582}",,total,4235937780.0,,,-582,0.5,1593557544.0
295,65,2024-07-07T01:40:00+00:00,,s;0;ou,"[{'amount': 500, 'type': 'maxRiskStake'}]",1593557545,0,"{'participantId': 1593557546, 'points': 1.5, 'price': 122}",,total,4235740976.0,,,122,1.5,1593557546.0
296,65,2024-07-07T01:40:00+00:00,,s;0;ou,"[{'amount': 500, 'type': 'maxRiskStake'}]",1593557545,0,"{'participantId': 1593557547, 'points': 1.5, 'price': -165}",,total,4235740976.0,,,-165,1.5,1593557547.0
297,66,2024-07-07T01:40:00+00:00,,s;0;ou,"[{'amount': 500, 'type': 'maxRiskStake'}]",1593557548,0,"{'participantId': 1593557549, 'points': 0.5, 'price': 490}",,total,4235937780.0,,,490,0.5,1593557549.0
298,66,2024-07-07T01:40:00+00:00,,s;0;ou,"[{'amount': 500, 'type': 'maxRiskStake'}]",1593557548,0,"{'participantId': 1593557550, 'points': 0.5, 'price': -858}",,total,4235937780.0,,,-858,0.5,1593557550.0
299,67,2024-07-07T01:40:00+00:00,,s;0;ou,"[{'amount': 500, 'type': 'maxRiskStake'}]",1593557551,0,"{'participantId': 1593557552, 'points': 1.5, 'price': 132}",,total,4235937780.0,,,132,1.5,1593557552.0
300,67,2024-07-07T01:40:00+00:00,,s;0;ou,"[{'amount': 500, 'type': 'maxRiskStake'}]",1593557551,0,"{'participantId': 1593557553, 'points': 1.5, 'price': -180}",,total,4235937780.0,,,-180,1.5,1593557553.0
301,68,2024-07-07T01:40:00+00:00,,s;0;ou,"[{'amount': 500, 'type': 'maxRiskStake'}]",1593557554,0,"{'participantId': 1593557555, 'points': 0.5, 'price': 387}",,total,4235937780.0,,,387,0.5,1593557555.0
302,68,2024-07-07T01:40:00+00:00,,s;0;ou,"[{'amount': 500, 'type': 'maxRiskStake'}]",1593557554,0,"{'participantId': 1593557556, 'points': 0.5, 'price': -820}",,total,4235937780.0,,,-820,0.5,1593557556.0
303,69,2024-07-07T01:40:00+00:00,,s;0;ou,"[{'amount': 500, 'type': 'maxRiskStake'}]",1593557557,0,"{'participantId': 1593557558, 'points': 1.5, 'price': 139}",,total,4235740976.0,,,139,1.5,1593557558.0
304,69,2024-07-07T01:40:00+00:00,,s;0;ou,"[{'amount': 500, 'type': 'maxRiskStake'}]",1593557557,0,"{'participantId': 1593557559, 'points': 1.5, 'price': -191}",,total,4235740976.0,,,-191,1.5,1593557559.0
305,70,2024-07-07T01:40:00+00:00,,s;0;ou,"[{'amount': 500, 'type': 'maxRiskStake'}]",1593557560,0,"{'participantId': 1593557561, 'points': 0.5, 'price': 700}",,total,4235937780.0,,,700,0.5,1593557561.0
306,70,2024-07-07T01:40:00+00:00,,s;0;ou,"[{'amount': 500, 'type': 'maxRiskStake'}]",1593557560,0,"{'participantId': 1593557562, 'points': 0.5, 'price': -1500}",,total,4235937780.0,,,-1500,0.5,1593557562.0
307,71,2024-07-07T01:40:00+00:00,,s;0;ou,"[{'amount': 500, 'type': 'maxRiskStake'}]",1593557563,0,"{'participantId': 1593557564, 'points': 1.5, 'price': 146}",,total,4235937780.0,,,146,1.5,1593557564.0
308,71,2024-07-07T01:40:00+00:00,,s;0;ou,"[{'amount': 500, 'type': 'maxRiskStake'}]",1593557563,0,"{'participantId': 1593557565, 'points': 1.5, 'price': -202}",,total,4235937780.0,,,-202,1.5,1593557565.0
309,72,2024-07-07T01:40:00+00:00,,s;0;ou,"[{'amount': 500, 'type': 'maxRiskStake'}]",1593557566,0,"{'participantId': 1593557568, 'points': 0.5, 'price': -807}",,total,4235937780.0,,,-807,0.5,1593557568.0
310,72,2024-07-07T01:40:00+00:00,,s;0;ou,"[{'amount': 500, 'type': 'maxRiskStake'}]",1593557566,0,"{'participantId': 1593557567, 'points': 0.5, 'price': 471}",,total,4235937780.0,,,471,0.5,1593557567.0
311,73,2024-07-07T01:40:00+00:00,,s;0;ou,"[{'amount': 500, 'type': 'maxRiskStake'}]",1593557569,0,"{'participantId': 1593557570, 'points': 1.5, 'price': 119}",,total,4235741106.0,,,119,1.5,1593557570.0
312,73,2024-07-07T01:40:00+00:00,,s;0;ou,"[{'amount': 500, 'type': 'maxRiskStake'}]",1593557569,0,"{'participantId': 1593557571, 'points': 1.5, 'price': -160}",,total,4235741106.0,,,-160,1.5,1593557571.0
313,74,2024-07-07T01:40:00+00:00,,s;0;ou,"[{'amount': 500, 'type': 'maxRiskStake'}]",1593557572,0,"{'participantId': 1593557573, 'points': 0.5, 'price': 477}",,total,4235548287.0,,,477,0.5,1593557573.0
314,74,2024-07-07T01:40:00+00:00,,s;0;ou,"[{'amount': 500, 'type': 'maxRiskStake'}]",1593557572,0,"{'participantId': 1593557574, 'points': 0.5, 'price': -1166}",,total,4235548287.0,,,-1166,0.5,1593557574.0
315,75,2024-07-07T01:40:00+00:00,,s;0;ou,"[{'amount': 500, 'type': 'maxRiskStake'}]",1593557575,0,"{'participantId': 1593557576, 'points': 1.5, 'price': 118}",,total,4235741106.0,,,118,1.5,1593557576.0
316,75,2024-07-07T01:40:00+00:00,,s;0;ou,"[{'amount': 500, 'type': 'maxRiskStake'}]",1593557575,0,"{'participantId': 1593557577, 'points': 1.5, 'price': -158}",,total,4235741106.0,,,-158,1.5,1593557577.0
317,76,2024-07-07T01:40:00+00:00,,s;0;ou,"[{'amount': 500, 'type': 'maxRiskStake'}]",1593557578,0,"{'participantId': 1593557579, 'points': 1.5, 'price': 110}",,total,4235741106.0,,,110,1.5,1593557579.0
318,76,2024-07-07T01:40:00+00:00,,s;0;ou,"[{'amount': 500, 'type': 'maxRiskStake'}]",1593557578,0,"{'participantId': 1593557580, 'points': 1.5, 'price': -147}",,total,4235741106.0,,,-147,1.5,1593557580.0
319,77,2024-07-07T01:40:00+00:00,,s;0;ou,"[{'amount': 500, 'type': 'maxRiskStake'}]",1593557581,0,"{'participantId': 1593557582, 'points': 3.5, 'price': -214}",,total,4235937780.0,,,-214,3.5,1593557582.0
320,77,2024-07-07T01:40:00+00:00,,s;0;ou,"[{'amount': 500, 'type': 'maxRiskStake'}]",1593557581,0,"{'participantId': 1593557583, 'points': 3.5, 'price': 140}",,total,4235937780.0,,,140,3.5,1593557583.0
321,78,2024-07-07T01:40:00+00:00,,s;0;ou,"[{'amount': 500, 'type': 'maxRiskStake'}]",1593557584,0,"{'participantId': 1593557585, 'points': 5.5, 'price': 105}",,total,4235937780.0,,,105,5.5,1593557585.0
322,78,2024-07-07T01:40:00+00:00,,s;0;ou,"[{'amount': 500, 'type': 'maxRiskStake'}]",1593557584,0,"{'participantId': 1593557586, 'points': 5.5, 'price': -139}",,total,4235937780.0,,,-139,5.5,1593557586.0
323,79,2024-07-07T01:40:00+00:00,,s;0;ou,"[{'amount': 500, 'type': 'maxRiskStake'}]",1593557587,0,"{'participantId': 1593557588, 'points': 2.5, 'price': -111}",,total,4235937780.0,,,-111,2.5,1593557588.0
324,79,2024-07-07T01:40:00+00:00,,s;0;ou,"[{'amount': 500, 'type': 'maxRiskStake'}]",1593557587,0,"{'participantId': 1593557589, 'points': 2.5, 'price': -119}",,total,4235937780.0,,,-119,2.5,1593557589.0
325,80,2024-07-07T01:40:00+00:00,,s;0;ou,"[{'amount': 500, 'type': 'maxRiskStake'}]",1593557590,0,"{'participantId': 1593557591, 'points': 17.5, 'price': -103}",,total,4235937780.0,,,-103,17.5,1593557591.0
326,80,2024-07-07T01:40:00+00:00,,s;0;ou,"[{'amount': 500, 'type': 'maxRiskStake'}]",1593557590,0,"{'participantId': 1593557592, 'points': 17.5, 'price': -129}",,total,4235937780.0,,,-129,17.5,1593557592.0
327,81,2024-07-07T01:40:00+00:00,,s;0;ou,"[{'amount': 500, 'type': 'maxRiskStake'}]",1593557593,0,"{'participantId': 1593557594, 'points': 0.5, 'price': 601}",,total,4235937780.0,,,601,0.5,1593557594.0
328,81,2024-07-07T01:40:00+00:00,,s;0;ou,"[{'amount': 500, 'type': 'maxRiskStake'}]",1593557593,0,"{'participantId': 1593557595, 'points': 0.5, 'price': -1172}",,total,4235937780.0,,,-1172,0.5,1593557595.0
329,82,2024-07-07T01:40:00+00:00,,s;0;ou,"[{'amount': 500, 'type': 'maxRiskStake'}]",1593557596,0,"{'participantId': 1593557597, 'points': 1.5, 'price': 130}",,total,4235937780.0,,,130,1.5,1593557597.0
330,82,2024-07-07T01:40:00+00:00,,s;0;ou,"[{'amount': 500, 'type': 'maxRiskStake'}]",1593557596,0,"{'participantId': 1593557598, 'points': 1.5, 'price': -177}",,total,4235937780.0,,,-177,1.5,1593557598.0
331,83,2024-07-07T01:40:00+00:00,,s;0;ou,"[{'amount': 500, 'type': 'maxRiskStake'}]",1593557599,0,"{'participantId': 1593557600, 'points': 0.5, 'price': 833}",,total,4235937780.0,,,833,0.5,1593557600.0
332,83,2024-07-07T01:40:00+00:00,,s;0;ou,"[{'amount': 500, 'type': 'maxRiskStake'}]",1593557599,0,"{'participantId': 1593557601, 'points': 0.5, 'price': -2014}",,total,4235937780.0,,,-2014,0.5,1593557601.0
333,84,2024-07-07T01:40:00+00:00,,s;0;ou,"[{'amount': 500, 'type': 'maxRiskStake'}]",1593557602,0,"{'participantId': 1593557603, 'points': 0.5, 'price': -220}",,total,4235937780.0,,,-220,0.5,1593557603.0
334,84,2024-07-07T01:40:00+00:00,,s;0;ou,"[{'amount': 500, 'type': 'maxRiskStake'}]",1593557602,0,"{'participantId': 1593557604, 'points': 0.5, 'price': 157}",,total,4235937780.0,,,157,0.5,1593557604.0
335,85,2024-07-07T01:40:00+00:00,,s;0;ou,"[{'amount': 500, 'type': 'maxRiskStake'}]",1593557605,0,"{'participantId': 1593557606, 'points': 0.5, 'price': -150}",,total,4235741106.0,,,-150,0.5,1593557606.0
336,85,2024-07-07T01:40:00+00:00,,s;0;ou,"[{'amount': 500, 'type': 'maxRiskStake'}]",1593557605,0,"{'participantId': 1593557607, 'points': 0.5, 'price': 112}",,total,4235741106.0,,,112,0.5,1593557607.0
337,86,2024-07-07T01:40:00+00:00,,s;0;ou,"[{'amount': 500, 'type': 'maxRiskStake'}]",1593557611,0,"{'participantId': 1593557612, 'points': 0.5, 'price': -141}",,total,4235937780.0,,,-141,0.5,1593557612.0
338,86,2024-07-07T01:40:00+00:00,,s;0;ou,"[{'amount': 500, 'type': 'maxRiskStake'}]",1593557611,0,"{'participantId': 1593557613, 'points': 0.5, 'price': 106}",,total,4235937780.0,,,106,0.5,1593557613.0
339,87,2024-07-07T01:40:00+00:00,,s;0;ou,"[{'amount': 500, 'type': 'maxRiskStake'}]",1593557614,0,"{'participantId': 1593557615, 'points': 0.5, 'price': 814}",,total,4235937796.0,,,814,0.5,1593557615.0
340,87,2024-07-07T01:40:00+00:00,,s;0;ou,"[{'amount': 500, 'type': 'maxRiskStake'}]",1593557614,0,"{'participantId': 1593557616, 'points': 0.5, 'price': -1937}",,total,4235937796.0,,,-1937,0.5,1593557616.0
341,88,2024-07-07T01:40:00+00:00,,s;0;ou,"[{'amount': 500, 'type': 'maxRiskStake'}]",1593557617,0,"{'participantId': 1593557618, 'points': 0.5, 'price': -193}",,total,4235937796.0,,,-193,0.5,1593557618.0
342,88,2024-07-07T01:40:00+00:00,,s;0;ou,"[{'amount': 500, 'type': 'maxRiskStake'}]",1593557617,0,"{'participantId': 1593557619, 'points': 0.5, 'price': 135}",,total,4235937796.0,,,135,0.5,1593557619.0
343,89,2024-07-07T01:40:00+00:00,,s;0;ou,"[{'amount': 500, 'type': 'maxRiskStake'}]",1593557620,0,"{'participantId': 1593557621, 'points': 0.5, 'price': 655}",,total,4235937796.0,,,655,0.5,1593557621.0
344,89,2024-07-07T01:40:00+00:00,,s;0;ou,"[{'amount': 500, 'type': 'maxRiskStake'}]",1593557620,0,"{'participantId': 1593557622, 'points': 0.5, 'price': -1344}",,total,4235937796.0,,,-1344,0.5,1593557622.0
345,90,2024-07-07T01:40:00+00:00,,s;0;ou,"[{'amount': 500, 'type': 'maxRiskStake'}]",1593557623,0,"{'participantId': 1593557624, 'points': 1.5, 'price': 123}",,total,4235937796.0,,,123,1.5,1593557624.0
346,90,2024-07-07T01:40:00+00:00,,s;0;ou,"[{'amount': 500, 'type': 'maxRiskStake'}]",1593557623,0,"{'participantId': 1593557625, 'points': 1.5, 'price': -166}",,total,4235937796.0,,,-166,1.5,1593557625.0
347,91,2024-07-07T01:40:00+00:00,,s;0;ou,"[{'amount': 500, 'type': 'maxRiskStake'}]",1593557626,0,"{'participantId': 1593557627, 'points': 3.5, 'price': -185}",,total,4235937796.0,,,-185,3.5,1593557627.0
348,91,2024-07-07T01:40:00+00:00,,s;0;ou,"[{'amount': 500, 'type': 'maxRiskStake'}]",1593557626,0,"{'participantId': 1593557628, 'points': 3.5, 'price': 123}",,total,4235937796.0,,,123,3.5,1593557628.0
349,92,2024-07-07T01:40:00+00:00,,s;0;ou,"[{'amount': 500, 'type': 'maxRiskStake'}]",1593557629,0,"{'participantId': 1593557630, 'points': 5.5, 'price': -142}",,total,4235937796.0,,,-142,5.5,1593557630.0
350,92,2024-07-07T01:40:00+00:00,,s;0;ou,"[{'amount': 500, 'type': 'maxRiskStake'}]",1593557629,0,"{'participantId': 1593557631, 'points': 5.5, 'price': 104}",,total,4235937796.0,,,104,5.5,1593557631.0
351,93,2024-07-07T01:40:00+00:00,,s;0;ou,"[{'amount': 500, 'type': 'maxRiskStake'}]",1593557632,0,"{'participantId': 1593557633, 'points': 2.5, 'price': 107}",,total,4235937796.0,,,107,2.5,1593557633.0
352,93,2024-07-07T01:40:00+00:00,,s;0;ou,"[{'amount': 500, 'type': 'maxRiskStake'}]",1593557632,0,"{'participantId': 1593557634, 'points': 2.5, 'price': -143}",,total,4235937796.0,,,-143,2.5,1593557634.0
353,94,2024-07-07T01:40:00+00:00,,s;0;ou,"[{'amount': 500, 'type': 'maxRiskStake'}]",1593557635,0,"{'participantId': 1593557636, 'points': 17.5, 'price': -198}",,total,4235937796.0,,,-198,17.5,1593557636.0
354,94,2024-07-07T01:40:00+00:00,,s;0;ou,"[{'amount': 500, 'type': 'maxRiskStake'}]",1593557635,0,"{'participantId': 1593557637, 'points': 17.5, 'price': 143}",,total,4235937796.0,,,143,17.5,1593557637.0
355,95,2024-07-07T01:40:00+00:00,,s;0;ou,"[{'amount': 500, 'type': 'maxRiskStake'}]",1593557638,0,"{'participantId': 1593557639, 'points': 0.5, 'price': 641}",,total,4235943160.0,,,641,0.5,1593557639.0
356,95,2024-07-07T01:40:00+00:00,,s;0;ou,"[{'amount': 500, 'type': 'maxRiskStake'}]",1593557638,0,"{'participantId': 1593557640, 'points': 0.5, 'price': -1298}",,total,4235943160.0,,,-1298,0.5,1593557640.0
357,96,2024-07-07T01:40:00+00:00,,s;0;ou,"[{'amount': 500, 'type': 'maxRiskStake'}]",1593557641,0,"{'participantId': 1593557642, 'points': 1.5, 'price': 116}",,total,4235943160.0,,,116,1.5,1593557642.0
358,96,2024-07-07T01:40:00+00:00,,s;0;ou,"[{'amount': 500, 'type': 'maxRiskStake'}]",1593557641,0,"{'participantId': 1593557643, 'points': 1.5, 'price': -156}",,total,4235943160.0,,,-156,1.5,1593557643.0
