,Teams,League,Category,Designation,Side,Name,Points,Odds,Units
0,Cincinnati Reds(away) vs Chicago Cubs(home),MLB,Moneyline OF,,Home,Chicago Cubs,0.0,1.2858,
1,Cincinnati Reds(away) vs Chicago Cubs(home),MLB,Moneyline OF,,Away,Cincinnati Reds,0.0,3.4,
2,Cincinnati Reds(away) vs Chicago Cubs(home),MLB,Run Line,,Home,Chicago Cubs -1.5,-1.5,2.75,
3,Cincinnati Reds(away) vs Chicago Cubs(home),MLB,Run Line,,Away,Cincinnati Reds +1.5,1.5,1.4167,
4,Cincinnati Reds(away) vs Chicago Cubs(home),MLB,Total Runs OF,over,Neither,Over 7.5,7.5,2.0,
5,Cincinnati Reds(away) vs Chicago Cubs(home),MLB,Total Runs OF,under,Neither,Under 7.5,7.5,1.7693,
6,Cincinnati Reds(away) vs Chicago Cubs(home),MLB,Total Runs - AWAYTEAM OF,over,Away,Over 2.5,2.5,1.7143,
7,Cincinnati Reds(away) vs Chicago Cubs(home),MLB,Total Runs - AWAYTEAM OF,under,Away,Under 2.5,2.5,2.05,
8,Cincinnati Reds(away) vs Chicago Cubs(home),MLB,Total Runs - HOMETEAM OF,over,Home,Over 3.5,3.5,1.5883,
9,Cincinnati Reds(away) vs Chicago Cubs(home),MLB,Total Runs - HOMETEAM OF,under,Home,Under 3.5,3.5,2.3,
10,Cincinnati Reds(away) vs Chicago Cubs(home),MLB,Alternate Total Runs OF,over,Neither,Over 5.5,5.5,1.25,
11,Cincinnati Reds(away) vs Chicago Cubs(home),MLB,Alternate Total Runs OF,under,Neither,Under 5.5,5.5,3.8,
12,Cincinnati Reds(away) vs Chicago Cubs(home),MLB,Alternate Total Runs OF,over,Neither,Over 6.5,6.5,1.4445,
13,Cincinnati Reds(away) vs Chicago Cubs(home),MLB,Alternate Total Runs OF,under,Neither,Under 6.5,6.5,2.65,
14,Cincinnati Reds(away) vs Chicago Cubs(home),MLB,Alternate Total Runs OF,over,Neither,Over 8.5,8.5,2.6,
15,Cincinnati Reds(away) vs Chicago Cubs(home),MLB,Alternate Total Runs OF,under,Neither,Under 8.5,8.5,1.4762,
16,Cincinnati Reds(away) vs Chicago Cubs(home),MLB,Alternate Total Runs OF,over,Neither,Over 9.5,9.5,4.0,
17,Cincinnati Reds(away) vs Chicago Cubs(home),MLB,Alternate Total Runs OF,under,Neither,Under 9.5,9.5,1.2353,
18,Cincinnati Reds(away) vs Chicago Cubs(home),MLB,Alternate Total Runs OF,over,Neither,Over 10.5,10.5,5.0,
19,Cincinnati Reds(away) vs Chicago Cubs(home),MLB,Alternate Total Runs OF,under,Neither,Under 10.5,10.5,1.16,
20,Cincinnati Reds(away) vs Chicago Cubs(home),MLB,Alternate Total Runs OF,over,Neither,Over 11.5,11.5,8.0,
21,Cincinnati Reds(away) vs Chicago Cubs(home),MLB,Alternate Total Runs OF,under,Neither,Under 11.5,11.5,1.08,
22,Cincinnati Reds(away) vs Chicago Cubs(home),MLB,Alternate Total Runs - 3-Way OF,over,Neither,Over 8,8.0,2.6,
23,Cincinnati Reds(away) vs Chicago Cubs(home),MLB,Alternate Total Runs - 3-Way OF,under,Neither,Under 8,8.0,1.7693,
24,Cincinnati Reds(away) vs Chicago Cubs(home),MLB,Alternate Total Runs - 3-Way OF,,Neither,Draw 8,8.0,6.5,
25,Cincinnati Reds(away) vs Chicago Cubs(home),MLB,Alternate Total Runs - 3-Way OF,over,Neither,Over 6,6.0,1.4445,
26,Cincinnati Reds(away) vs Chicago Cubs(home),MLB,Alternate Total Runs - 3-Way OF,under,Neither,Under 6,6.0,3.8,
27,Cincinnati Reds(away) vs Chicago Cubs(home),MLB,Alternate Total Runs - 3-Way OF,,Neither,Draw 6,6.0,8.5,
28,Cincinnati Reds(away) vs Chicago Cubs(home),MLB,Total Runs - 3-Way OF,over,Neither,Over 7,7.0,2.0,
29,Cincinnati Reds(away) vs Chicago Cubs(home),MLB,Total Runs - 3-Way OF,under,Neither,Under 7,7.0,2.65,
30,Cincinnati Reds(away) vs Chicago Cubs(home),MLB,Total Runs - 3-Way OF,,Neither,Draw 7,7.0,4.3,
31,Cincinnati Reds(away) vs Chicago Cubs(home),MLB,Total Runs - Exact - AWAYTEAM OF,,Away,Cincinnati Reds Total Runs 2,2.0,2.05,
32,Cincinnati Reds(away) vs Chicago Cubs(home),MLB,Total Runs - Exact - AWAYTEAM OF,,Away,Cincinnati Reds Total Runs 3,3.0,4.75,
33,Cincinnati Reds(away) vs Chicago Cubs(home),MLB,Total Runs - Exact - AWAYTEAM OF,,Away,Cincinnati Reds Total Runs 4,4.0,6.0,
34,Cincinnati Reds(away) vs Chicago Cubs(home),MLB,Total Runs - Exact - AWAYTEAM OF,,Away,Cincinnati Reds Total Runs 5,5.0,8.0,
35,Cincinnati Reds(away) vs Chicago Cubs(home),MLB,Total Runs - Exact - AWAYTEAM OF,,Away,Cincinnati Reds Total Runs 6,6.0,11.5,
36,Cincinnati Reds(away) vs Chicago Cubs(home),MLB,Total Runs - Exact - AWAYTEAM OF,,Away,Cincinnati Reds Total Runs 7,7.0,14.0,
37,Cincinnati Reds(away) vs Chicago Cubs(home),MLB,Total Runs - Exact - AWAYTEAM OF,,Away,Cincinnati Reds Total Runs 8+,7.5,13.0,
38,Cincinnati Reds(away) vs Chicago Cubs(home),MLB,Total Runs - Bands OF,,Neither,8 Or Less,8.5,1.4762,
39,Cincinnati Reds(away) vs Chicago Cubs(home),MLB,Total Runs - Bands OF,,Neither,9 To 12,0.0,3.0,
40,Cincinnati Reds(away) vs Chicago Cubs(home),MLB,Total Runs - Bands OF,,Neither,13 Or More,12.5,12.0,
41,Cincinnati Reds(away) vs Chicago Cubs(home),MLB,Total Runs - Exact - HOMETEAM OF,,Home,Chicago Cubs Total Runs 3,3.0,2.3,
42,Cincinnati Reds(away) vs Chicago Cubs(home),MLB,Total Runs - Exact - HOMETEAM OF,,Home,Chicago Cubs Total Runs 4,4.0,3.4,
43,Cincinnati Reds(away) vs Chicago Cubs(home),MLB,Total Runs - Exact - HOMETEAM OF,,Home,Chicago Cubs Total Runs 5,5.0,5.0,
44,Cincinnati Reds(away) vs Chicago Cubs(home),MLB,Total Runs - Exact - HOMETEAM OF,,Home,Chicago Cubs Total Runs 6,6.0,8.5,
45,Cincinnati Reds(away) vs Chicago Cubs(home),MLB,Total Runs - Exact - HOMETEAM OF,,Home,Chicago Cubs Total Runs 7,7.0,13.0,
46,Cincinnati Reds(away) vs Chicago Cubs(home),MLB,Total Runs - Exact - HOMETEAM OF,,Home,Chicago Cubs Total Runs 8+,7.5,13.0,
47,Cincinnati Reds(away) vs Chicago Cubs(home),MLB,Total Runs - Exact OF,,Neither,Total Runs 5,5.0,3.8,
48,Cincinnati Reds(away) vs Chicago Cubs(home),MLB,Total Runs - Exact OF,,Neither,Total Runs 6,6.0,8.5,
49,Cincinnati Reds(away) vs Chicago Cubs(home),MLB,Total Runs - Exact OF,,Neither,Total Runs 7,7.0,4.3,
50,Cincinnati Reds(away) vs Chicago Cubs(home),MLB,Total Runs - Exact OF,,Neither,Total Runs 8,8.0,6.5,
51,Cincinnati Reds(away) vs Chicago Cubs(home),MLB,Total Runs - Exact OF,,Neither,Total Runs 9,9.0,6.0,
52,Cincinnati Reds(away) vs Chicago Cubs(home),MLB,Total Runs - Exact OF,,Neither,Total Runs 10,10.0,12.0,
53,Cincinnati Reds(away) vs Chicago Cubs(home),MLB,Total Runs - Exact OF,,Neither,Total Runs 11,11.0,10.0,
54,Cincinnati Reds(away) vs Chicago Cubs(home),MLB,Total Runs - Exact OF,,Neither,Total Runs 12,12.0,19.0,
55,Cincinnati Reds(away) vs Chicago Cubs(home),MLB,Total Runs - Exact OF,,Neither,Total Runs 13,13.0,19.0,
56,Cincinnati Reds(away) vs Chicago Cubs(home),MLB,Total Runs - Exact OF,,Neither,Total Runs 14,14.0,29.0,
57,Cincinnati Reds(away) vs Chicago Cubs(home),MLB,Total Runs - Exact OF,,Neither,Total Runs 15+,14.5,19.0,
58,Cincinnati Reds(away) vs Chicago Cubs(home),MLB,Total Runs - Odd/Even OF,,Neither,Odd,0.0,1.3637,
59,Cincinnati Reds(away) vs Chicago Cubs(home),MLB,Total Runs - Odd/Even OF,,Neither,Even,0.0,3.0,
60,Cincinnati Reds(away) vs Chicago Cubs(home),MLB,Total Runs - Odd/Even - AWAYTEAM OF,,Away,Odd,0.0,2.75,
61,Cincinnati Reds(away) vs Chicago Cubs(home),MLB,Total Runs - Odd/Even - AWAYTEAM OF,,Away,Even,0.0,1.4167,
62,Cincinnati Reds(away) vs Chicago Cubs(home),MLB,Total Runs - Odd/Even - HOMETEAM OF,,Home,Odd,0.0,1.5264,
63,Cincinnati Reds(away) vs Chicago Cubs(home),MLB,Total Runs - Odd/Even - HOMETEAM OF,,Home,Even,0.0,2.45,
64,Cincinnati Reds(away) vs Chicago Cubs(home),MLB,Alternate Run Line,,Home,Chicago Cubs -5.5,-5.5,21.0,
65,Cincinnati Reds(away) vs Chicago Cubs(home),MLB,Alternate Run Line,,Away,Cincinnati Reds +5.5,5.5,1.0112,
66,Cincinnati Reds(away) vs Chicago Cubs(home),MLB,Alternate Run Line,,Home,Chicago Cubs -4.5,-4.5,14.0,
67,Cincinnati Reds(away) vs Chicago Cubs(home),MLB,Alternate Run Line,,Away,Cincinnati Reds +4.5,4.5,1.0286,
68,Cincinnati Reds(away) vs Chicago Cubs(home),MLB,Alternate Run Line,,Home,Chicago Cubs -3.5,-3.5,9.5,
69,Cincinnati Reds(away) vs Chicago Cubs(home),MLB,Alternate Run Line,,Away,Cincinnati Reds +3.5,3.5,1.0601,
70,Cincinnati Reds(away) vs Chicago Cubs(home),MLB,Alternate Run Line,,Home,Chicago Cubs -2.5,-2.5,5.25,
71,Cincinnati Reds(away) vs Chicago Cubs(home),MLB,Alternate Run Line,,Away,Cincinnati Reds +2.5,2.5,1.1429,
72,Cincinnati Reds(away) vs Chicago Cubs(home),MLB,Alternate Run Line,,Home,Chicago Cubs +1.5,1.5,1.1334,
73,Cincinnati Reds(away) vs Chicago Cubs(home),MLB,Alternate Run Line,,Away,Cincinnati Reds -1.5,-1.5,5.5,
74,Cincinnati Reds(away) vs Chicago Cubs(home),MLB,Alternate Run Line,,Home,Chicago Cubs +2.5,2.5,1.0601,
75,Cincinnati Reds(away) vs Chicago Cubs(home),MLB,Alternate Run Line,,Away,Cincinnati Reds -2.5,-2.5,9.5,
76,Cincinnati Reds(away) vs Chicago Cubs(home),MLB,Alternate Run Line,,Home,Chicago Cubs +3.5,3.5,1.025,
77,Cincinnati Reds(away) vs Chicago Cubs(home),MLB,Alternate Run Line,,Away,Cincinnati Reds -3.5,-3.5,15.0,
78,Cincinnati Reds(away) vs Chicago Cubs(home),MLB,Alternate Run Line,,Home,Chicago Cubs -1.5,-1.5,2.85,
79,Cincinnati Reds(away) vs Chicago Cubs(home),MLB,Alternate Run Line,,Away,Cincinnati Reds +1.5,1.5,1.4,
80,Cincinnati Reds(away) vs Chicago Cubs(home),MLB,Alternate Run Line - 3-Way OF,,Home,Chicago Cubs -2,-2.0,5.5,
81,Cincinnati Reds(away) vs Chicago Cubs(home),MLB,Alternate Run Line - 3-Way OF,,Away,Cincinnati Reds +2,2.0,1.4167,
82,Cincinnati Reds(away) vs Chicago Cubs(home),MLB,Alternate Run Line - 3-Way OF,,Neither,Draw -2,-2.0,5.5,
83,Cincinnati Reds(away) vs Chicago Cubs(home),MLB,Alternate Run Line - 3-Way OF,,Home,Chicago Cubs +1,1.0,1.3077,
84,Cincinnati Reds(away) vs Chicago Cubs(home),MLB,Alternate Run Line - 3-Way OF,,Away,Cincinnati Reds -1,-1.0,6.0,
85,Cincinnati Reds(away) vs Chicago Cubs(home),MLB,Alternate Run Line - 3-Way OF,,Neither,Draw +1,1.0,7.0,
86,Cincinnati Reds(away) vs Chicago Cubs(home),MLB,Run Line - 3-Way OF,,Home,Chicago Cubs -1,-1.0,2.75,
87,Cincinnati Reds(away) vs Chicago Cubs(home),MLB,Run Line - 3-Way OF,,Away,Cincinnati Reds +1,1.0,3.3,
88,Cincinnati Reds(away) vs Chicago Cubs(home),MLB,Run Line - 3-Way OF,,Neither,Draw -1,-1.0,2.2,
89,Cincinnati Reds(away) vs Chicago Cubs(home),MLB,Winning Margin - Bands OF,,Home,Chicago Cubs - 1 To 2,0.0,1.625,
90,Cincinnati Reds(away) vs Chicago Cubs(home),MLB,Winning Margin - Bands OF,,Home,Chicago Cubs - 3 To 4,0.0,6.0,
91,Cincinnati Reds(away) vs Chicago Cubs(home),MLB,Winning Margin - Bands OF,,Home,Chicago Cubs - 5 To 6,0.0,18.0,
92,Cincinnati Reds(away) vs Chicago Cubs(home),MLB,Winning Margin - Bands OF,,Home,Chicago Cubs - 7 Or More,0.0,36.0,
93,Cincinnati Reds(away) vs Chicago Cubs(home),MLB,Winning Margin - Bands OF,,Away,Cincinnati Reds - 1 To 2,0.0,4.3,
94,Cincinnati Reds(away) vs Chicago Cubs(home),MLB,Winning Margin - Bands OF,,Away,Cincinnati Reds - 3 To 4,0.0,13.0,
95,Cincinnati Reds(away) vs Chicago Cubs(home),MLB,Winning Margin - Bands OF,,Away,Cincinnati Reds - 5 To 6,0.0,29.0,
96,Cincinnati Reds(away) vs Chicago Cubs(home),MLB,Winning Margin - Bands OF,,Away,Cincinnati Reds - 7 Or More,0.0,61.0,
97,Cincinnati Reds(away) vs Chicago Cubs(home),MLB,Winning Margin - Exact OF,,Home,Chicago Cubs - 1,0.0,2.2,
98,Cincinnati Reds(away) vs Chicago Cubs(home),MLB,Winning Margin - Exact OF,,Home,Chicago Cubs - 2,0.0,5.25,
99,Cincinnati Reds(away) vs Chicago Cubs(home),MLB,Winning Margin - Exact OF,,Home,Chicago Cubs - 3,0.0,9.0,
100,Cincinnati Reds(away) vs Chicago Cubs(home),MLB,Winning Margin - Exact OF,,Home,Chicago Cubs - 4,0.0,15.0,
101,Cincinnati Reds(away) vs Chicago Cubs(home),MLB,Winning Margin - Exact OF,,Home,Chicago Cubs - 5 Or More,0.0,14.0,
102,Cincinnati Reds(away) vs Chicago Cubs(home),MLB,Winning Margin - Exact OF,,Away,Cincinnati Reds - 1,0.0,6.0,
103,Cincinnati Reds(away) vs Chicago Cubs(home),MLB,Winning Margin - Exact OF,,Away,Cincinnati Reds - 2,0.0,11.5,
104,Cincinnati Reds(away) vs Chicago Cubs(home),MLB,Winning Margin - Exact OF,,Away,Cincinnati Reds - 3,0.0,18.0,
105,Cincinnati Reds(away) vs Chicago Cubs(home),MLB,Winning Margin - Exact OF,,Away,Cincinnati Reds - 4,0.0,23.0,
106,Cincinnati Reds(away) vs Chicago Cubs(home),MLB,Winning Margin - Exact OF,,Away,Cincinnati Reds - 5 Or More,0.0,23.0,
107,Cincinnati Reds(away) vs Chicago Cubs(home),MLB,Player home runs OF,over,Home,C. Bellinger Over 0.5,0.5,18.0,
108,Cincinnati Reds(away) vs Chicago Cubs(home),MLB,Player home runs OF,under,Home,C. Bellinger Under 0.5,0.5,1.0167,
109,Cincinnati Reds(away) vs Chicago Cubs(home),MLB,Player home runs OF,over,Home,C. Morel Over 0.5,0.5,13.0,
110,Cincinnati Reds(away) vs Chicago Cubs(home),MLB,Player home runs OF,under,Home,C. Morel Under 0.5,0.5,1.0334,
111,Cincinnati Reds(away) vs Chicago Cubs(home),MLB,Player home runs OF,over,Home,D. Swanson Over 0.5,0.5,18.0,
112,Cincinnati Reds(away) vs Chicago Cubs(home),MLB,Player home runs OF,under,Home,D. Swanson Under 0.5,0.5,1.0167,
113,Cincinnati Reds(away) vs Chicago Cubs(home),MLB,Player home runs OF,over,Away,E. De La Cruz Over 0.5,0.5,18.0,
114,Cincinnati Reds(away) vs Chicago Cubs(home),MLB,Player home runs OF,under,Away,E. De La Cruz Under 0.5,0.5,1.0167,
115,Cincinnati Reds(away) vs Chicago Cubs(home),MLB,Player home runs OF,over,Home,I. Happ Over 1.5,1.5,23.0,
116,Cincinnati Reds(away) vs Chicago Cubs(home),MLB,Player home runs OF,under,Home,I. Happ Under 1.5,1.5,1.01,
117,Cincinnati Reds(away) vs Chicago Cubs(home),MLB,Player home runs OF,over,Away,J. Candelario Over 0.5,0.5,16.0,
118,Cincinnati Reds(away) vs Chicago Cubs(home),MLB,Player home runs OF,under,Away,J. Candelario Under 0.5,0.5,1.02,
119,Cincinnati Reds(away) vs Chicago Cubs(home),MLB,Player home runs OF,over,Away,J. Fraley Over 0.5,0.5,29.0,
120,Cincinnati Reds(away) vs Chicago Cubs(home),MLB,Player home runs OF,under,Away,J. Fraley Under 0.5,0.5,1.0067,
121,Cincinnati Reds(away) vs Chicago Cubs(home),MLB,Player home runs OF,over,Home,M. Tauchman Over 0.5,0.5,31.0,
122,Cincinnati Reds(away) vs Chicago Cubs(home),MLB,Player home runs OF,under,Home,M. Tauchman Under 0.5,0.5,1.0058,
123,Cincinnati Reds(away) vs Chicago Cubs(home),MLB,Player home runs OF,over,Away,S. Steer Over 0.5,0.5,21.0,
124,Cincinnati Reds(away) vs Chicago Cubs(home),MLB,Player home runs OF,under,Away,S. Steer Under 0.5,0.5,1.0125,
125,Cincinnati Reds(away) vs Chicago Cubs(home),MLB,Player home runs OF,over,Home,S. Suzuki Over 0.5,0.5,13.0,
126,Cincinnati Reds(away) vs Chicago Cubs(home),MLB,Player home runs OF,under,Home,S. Suzuki Under 0.5,0.5,1.0334,
127,Cincinnati Reds(away) vs Chicago Cubs(home),MLB,Player home runs OF,over,Away,T. Stephenson Over 0.5,0.5,23.0,
128,Cincinnati Reds(away) vs Chicago Cubs(home),MLB,Player home runs OF,under,Away,T. Stephenson Under 0.5,0.5,1.01,
129,Cincinnati Reds(away) vs Chicago Cubs(home),MLB,Moneyline - First 7 Innings OF,,Home,Chicago Cubs,0.0,1.0667,
130,Cincinnati Reds(away) vs Chicago Cubs(home),MLB,Moneyline - First 7 Innings OF,,Away,Cincinnati Reds,0.0,9.0,
131,Cincinnati Reds(away) vs Chicago Cubs(home),MLB,Run Line - First 7 Innings OF,,Home,Chicago Cubs -1.5,-1.5,3.6,
132,Cincinnati Reds(away) vs Chicago Cubs(home),MLB,Run Line - First 7 Innings OF,,Away,Cincinnati Reds +1.5,1.5,1.2667,
133,Cincinnati Reds(away) vs Chicago Cubs(home),MLB,Total Runs - First 7 Innings OF,over,Neither,Over 5.5,5.5,2.05,
134,Cincinnati Reds(away) vs Chicago Cubs(home),MLB,Total Runs - First 7 Innings OF,under,Neither,Under 5.5,5.5,1.7143,
135,Cincinnati Reds(away) vs Chicago Cubs(home),MLB,Total Runs - First 7 Innings - HOMETEAM OF,over,Home,Over 3.5,3.5,3.2,
136,Cincinnati Reds(away) vs Chicago Cubs(home),MLB,Total Runs - First 7 Innings - HOMETEAM OF,under,Home,Under 3.5,3.5,1.3334,
137,Cincinnati Reds(away) vs Chicago Cubs(home),MLB,Leader After 7 Innings OF,,Home,Chicago Cubs,0.0,1.16,
138,Cincinnati Reds(away) vs Chicago Cubs(home),MLB,Leader After 7 Innings OF,,Away,Cincinnati Reds,0.0,9.5,
139,Cincinnati Reds(away) vs Chicago Cubs(home),MLB,Leader After 7 Innings OF,,Neither,Draw,0.0,8.0,
140,Cincinnati Reds(away) vs Chicago Cubs(home),MLB,Moneyline - 3-Way OF,,Home,Chicago Cubs,0.0,1.4167,
141,Cincinnati Reds(away) vs Chicago Cubs(home),MLB,Moneyline - 3-Way OF,,Away,Cincinnati Reds,0.0,4.5,
142,Cincinnati Reds(away) vs Chicago Cubs(home),MLB,Moneyline - 3-Way OF,,Neither,Draw,0.0,5.75,
143,Cincinnati Reds(away) vs Chicago Cubs(home),MLB,Will Extra Innings Be Played - Yes/No OF,,Neither,Yes,0.0,5.75,
144,Cincinnati Reds(away) vs Chicago Cubs(home),MLB,Will Extra Innings Be Played - Yes/No OF,,Neither,No,0.0,1.125,
145,Cincinnati Reds(away) vs Chicago Cubs(home),MLB,Total Match Hits - Bands OF,,Neither,10 To 12,0.0,3.8,
146,Cincinnati Reds(away) vs Chicago Cubs(home),MLB,Total Match Hits - Bands OF,,Neither,13 To 15,0.0,2.15,
147,Cincinnati Reds(away) vs Chicago Cubs(home),MLB,Total Match Hits - Bands OF,,Neither,16 To 18,0.0,3.6,
148,Cincinnati Reds(away) vs Chicago Cubs(home),MLB,Total Match Hits - Bands OF,,Neither,19 To 21,0.0,11.0,
149,Cincinnati Reds(away) vs Chicago Cubs(home),MLB,Total Match Hits - Bands OF,,Neither,22 Or More,21.5,26.0,
150,Cincinnati Reds(away) vs Chicago Cubs(home),MLB,Team With Most Hits - 3-Way OF,,Home,Chicago Cubs,0.0,2.75,
151,Cincinnati Reds(away) vs Chicago Cubs(home),MLB,Team With Most Hits - 3-Way OF,,Away,Cincinnati Reds,0.0,1.9524,
152,Cincinnati Reds(away) vs Chicago Cubs(home),MLB,Team With Most Hits - 3-Way OF,,Neither,Draw,0.0,4.1,
153,Cincinnati Reds(away) vs Chicago Cubs(home),MLB,Total Match Hits - Bands - AWAYTEAM OF,,Away,Cincinnati Reds 4 To 5,0.0,7.0,
154,Cincinnati Reds(away) vs Chicago Cubs(home),MLB,Total Match Hits - Bands - AWAYTEAM OF,,Away,Cincinnati Reds 6 To 7,0.0,2.1,
155,Cincinnati Reds(away) vs Chicago Cubs(home),MLB,Total Match Hits - Bands - AWAYTEAM OF,,Away,Cincinnati Reds 8 To 9,0.0,3.1,
156,Cincinnati Reds(away) vs Chicago Cubs(home),MLB,Total Match Hits - Bands - AWAYTEAM OF,,Away,Cincinnati Reds 10 To 11,0.0,7.0,
157,Cincinnati Reds(away) vs Chicago Cubs(home),MLB,Total Match Hits - Bands - AWAYTEAM OF,,Away,Cincinnati Reds 12 To 13,0.0,18.0,
158,Cincinnati Reds(away) vs Chicago Cubs(home),MLB,Total Match Hits - Bands - AWAYTEAM OF,,Away,Cincinnati Reds 14 Or More,13.5,71.0,
159,Cincinnati Reds(away) vs Chicago Cubs(home),MLB,Total Match Hits - Bands - HOMETEAM OF,,Home,Chicago Cubs 4 To 5,0.0,5.5,
160,Cincinnati Reds(away) vs Chicago Cubs(home),MLB,Total Match Hits - Bands - HOMETEAM OF,,Home,Chicago Cubs 6 To 7,0.0,1.8696,
161,Cincinnati Reds(away) vs Chicago Cubs(home),MLB,Total Match Hits - Bands - HOMETEAM OF,,Home,Chicago Cubs 8 To 9,0.0,3.3,
162,Cincinnati Reds(away) vs Chicago Cubs(home),MLB,Total Match Hits - Bands - HOMETEAM OF,,Home,Chicago Cubs 10 To 11,0.0,11.0,
163,Cincinnati Reds(away) vs Chicago Cubs(home),MLB,Total Match Hits - Bands - HOMETEAM OF,,Home,Chicago Cubs 12 To 13,0.0,46.0,
164,Cincinnati Reds(away) vs Chicago Cubs(home),MLB,Total Match Hits - Bands - HOMETEAM OF,,Home,Chicago Cubs 14 Or More,13.5,126.0,
165,Cincinnati Reds(away) vs Chicago Cubs(home),MLB,Race To 'X' Runs OF,,Neither,Neither,0.0,1.0715,
166,Cincinnati Reds(away) vs Chicago Cubs(home),MLB,Race To 'X' Runs OF,,Home,Chicago Cubs,0.0,5.0,
167,Cincinnati Reds(away) vs Chicago Cubs(home),MLB,Race To 'X' Runs OF,,Away,Cincinnati Reds,0.0,6.0,
168,Cincinnati Reds(away) vs Chicago Cubs(home),MLB,Race To 'X' Runs OF,,Neither,Neither,0.0,1.3637,
169,Cincinnati Reds(away) vs Chicago Cubs(home),MLB,Race To 'X' Runs OF,,Home,Chicago Cubs,0.0,2.1,
170,Cincinnati Reds(away) vs Chicago Cubs(home),MLB,Race To 'X' Runs OF,,Away,Cincinnati Reds,0.0,3.0,
171,Cincinnati Reds(away) vs Chicago Cubs(home),MLB,Race To 'X' Runs OF,,Neither,Neither,0.0,3.8,
172,Cincinnati Reds(away) vs Chicago Cubs(home),MLB,Race To 'X' Runs OF,,Home,Chicago Cubs,0.0,3.1,
173,Cincinnati Reds(away) vs Chicago Cubs(home),MLB,Race To 'X' Runs OF,,Away,Cincinnati Reds,0.0,4.0,
174,Cincinnati Reds(away) vs Chicago Cubs(home),MLB,Race To 'X' Runs OF,,Neither,Neither,0.0,1.9524,
175,Cincinnati Reds(away) vs Chicago Cubs(home),MLB,Race To 'X' Runs OF,,Home,Chicago Cubs,0.0,9.5,
176,Cincinnati Reds(away) vs Chicago Cubs(home),MLB,Race To 'X' Runs OF,,Away,Cincinnati Reds,0.0,9.0,
177,Cincinnati Reds(away) vs Chicago Cubs(home),MLB,Race To 'X' Runs OF,,Neither,Neither,0.0,1.1429,
178,Cincinnati Reds(away) vs Chicago Cubs(home),MLB,Race To 'X' Hits OF,,Home,Chicago Cubs,0.0,2.6,
179,Cincinnati Reds(away) vs Chicago Cubs(home),MLB,Race To 'X' Hits OF,,Away,Cincinnati Reds,0.0,1.5264,
180,Cincinnati Reds(away) vs Chicago Cubs(home),MLB,Race To 'X' Hits OF,,Neither,Neither,0.0,21.0,
181,Cincinnati Reds(away) vs Chicago Cubs(home),MLB,Race To 'X' Hits OF,,Away,Cincinnati Reds,0.0,29.0,
182,Cincinnati Reds(away) vs Chicago Cubs(home),MLB,Race To 'X' Hits OF,,Neither,Neither,0.0,1.008,
183,Cincinnati Reds(away) vs Chicago Cubs(home),MLB,Race To 'X' Hits OF,,Home,Chicago Cubs,0.0,6.0,
184,Cincinnati Reds(away) vs Chicago Cubs(home),MLB,Race To 'X' Hits OF,,Away,Cincinnati Reds,0.0,3.6,
185,Cincinnati Reds(away) vs Chicago Cubs(home),MLB,Race To 'X' Hits OF,,Neither,Neither,0.0,1.5,
186,Cincinnati Reds(away) vs Chicago Cubs(home),MLB,Race To 'X' Hits OF,,Home,Chicago Cubs,0.0,21.0,
187,Cincinnati Reds(away) vs Chicago Cubs(home),MLB,Race To 'X' Hits OF,,Away,Cincinnati Reds,0.0,9.5,
188,Cincinnati Reds(away) vs Chicago Cubs(home),MLB,Race To 'X' Hits OF,,Neither,Neither,0.0,1.0715,
189,Cincinnati Reds(away) vs Chicago Cubs(home),MLB,Race To 'X' Hits OF,,Home,Chicago Cubs,0.0,3.8,
190,Cincinnati Reds(away) vs Chicago Cubs(home),MLB,Race To 'X' Hits OF,,Away,Cincinnati Reds,0.0,2.5,
191,Cincinnati Reds(away) vs Chicago Cubs(home),MLB,Race To 'X' Hits OF,,Neither,Neither,0.0,2.4,
192,Cincinnati Reds(away) vs Chicago Cubs(home),MLB,Race To 'X' Hits OF,,Home,Chicago Cubs,0.0,46.0,
193,Cincinnati Reds(away) vs Chicago Cubs(home),MLB,Race To 'X' Hits OF,,Away,Cincinnati Reds,0.0,18.0,
194,Cincinnati Reds(away) vs Chicago Cubs(home),MLB,Race To 'X' Hits OF,,Neither,Neither,0.0,1.0334,
195,Cincinnati Reds(away) vs Chicago Cubs(home),MLB,Race To 'X' Hits OF,,Home,Chicago Cubs,0.0,2.75,
196,Cincinnati Reds(away) vs Chicago Cubs(home),MLB,Race To 'X' Hits OF,,Away,Cincinnati Reds,0.0,1.8696,
197,Cincinnati Reds(away) vs Chicago Cubs(home),MLB,Race To 'X' Hits OF,,Neither,Neither,0.0,4.75,
198,Cincinnati Reds(away) vs Chicago Cubs(home),MLB,Race To 'X' Hits OF,,Home,Chicago Cubs,0.0,11.0,
199,Cincinnati Reds(away) vs Chicago Cubs(home),MLB,Race To 'X' Hits OF,,Away,Cincinnati Reds,0.0,6.0,
200,Cincinnati Reds(away) vs Chicago Cubs(home),MLB,Race To 'X' Hits OF,,Neither,Neither,0.0,1.2,
201,Cincinnati Reds(away) vs Chicago Cubs(home),MLB,9 Inning Correct Score OF,,Home,Chicago Cubs 3-2,0.0,3.8,
202,Cincinnati Reds(away) vs Chicago Cubs(home),MLB,9 Inning Correct Score OF,,Home,Chicago Cubs 4-2,0.0,8.5,
203,Cincinnati Reds(away) vs Chicago Cubs(home),MLB,9 Inning Correct Score OF,,Home,Chicago Cubs 4-3,0.0,9.5,
204,Cincinnati Reds(away) vs Chicago Cubs(home),MLB,9 Inning Correct Score OF,,Home,Chicago Cubs 5-2,0.0,12.0,
205,Cincinnati Reds(away) vs Chicago Cubs(home),MLB,9 Inning Correct Score OF,,Home,Chicago Cubs 5-3,0.0,18.0,
206,Cincinnati Reds(away) vs Chicago Cubs(home),MLB,9 Inning Correct Score OF,,Home,Chicago Cubs 5-4,0.0,18.0,
207,Cincinnati Reds(away) vs Chicago Cubs(home),MLB,9 Inning Correct Score OF,,Home,Chicago Cubs 6-2,0.0,18.0,
208,Cincinnati Reds(away) vs Chicago Cubs(home),MLB,9 Inning Correct Score OF,,Home,Chicago Cubs 6-3,0.0,31.0,
209,Cincinnati Reds(away) vs Chicago Cubs(home),MLB,9 Inning Correct Score OF,,Home,Chicago Cubs 6-4,0.0,41.0,
210,Cincinnati Reds(away) vs Chicago Cubs(home),MLB,9 Inning Correct Score OF,,Home,Chicago Cubs 6-5,0.0,41.0,
211,Cincinnati Reds(away) vs Chicago Cubs(home),MLB,9 Inning Correct Score OF,,Home,Chicago Cubs 7-2,0.0,26.0,
212,Cincinnati Reds(away) vs Chicago Cubs(home),MLB,9 Inning Correct Score OF,,Home,Chicago Cubs 7-3,0.0,46.0,
213,Cincinnati Reds(away) vs Chicago Cubs(home),MLB,9 Inning Correct Score OF,,Home,Chicago Cubs 7-4,0.0,61.0,
214,Cincinnati Reds(away) vs Chicago Cubs(home),MLB,9 Inning Correct Score OF,,Home,Chicago Cubs 7-5,0.0,91.0,
215,Cincinnati Reds(away) vs Chicago Cubs(home),MLB,9 Inning Correct Score OF,,Home,Chicago Cubs 7-6,0.0,101.0,
216,Cincinnati Reds(away) vs Chicago Cubs(home),MLB,9 Inning Correct Score OF,,Home,Chicago Cubs 8-2,0.0,51.0,
217,Cincinnati Reds(away) vs Chicago Cubs(home),MLB,9 Inning Correct Score OF,,Home,Chicago Cubs 8-3,0.0,61.0,
218,Cincinnati Reds(away) vs Chicago Cubs(home),MLB,9 Inning Correct Score OF,,Home,Chicago Cubs 8-4,0.0,151.0,
219,Cincinnati Reds(away) vs Chicago Cubs(home),MLB,9 Inning Correct Score OF,,Home,Chicago Cubs 8-5,0.0,151.0,
220,Cincinnati Reds(away) vs Chicago Cubs(home),MLB,9 Inning Correct Score OF,,Home,Chicago Cubs 8-6,0.0,301.0,
221,Cincinnati Reds(away) vs Chicago Cubs(home),MLB,9 Inning Correct Score OF,,Home,Chicago Cubs 8-7,0.0,176.0,
222,Cincinnati Reds(away) vs Chicago Cubs(home),MLB,9 Inning Correct Score OF,,Home,Chicago Cubs 9-2,0.0,91.0,
223,Cincinnati Reds(away) vs Chicago Cubs(home),MLB,9 Inning Correct Score OF,,Home,Chicago Cubs 9-3,0.0,101.0,
224,Cincinnati Reds(away) vs Chicago Cubs(home),MLB,9 Inning Correct Score OF,,Home,Chicago Cubs 9-4,0.0,201.0,
225,Cincinnati Reds(away) vs Chicago Cubs(home),MLB,9 Inning Correct Score OF,,Home,Chicago Cubs 9-5,0.0,301.0,
226,Cincinnati Reds(away) vs Chicago Cubs(home),MLB,9 Inning Correct Score OF,,Home,Chicago Cubs 9-6,0.0,501.0,
227,Cincinnati Reds(away) vs Chicago Cubs(home),MLB,9 Inning Correct Score OF,,Home,Chicago Cubs 9-7,0.0,401.0,
228,Cincinnati Reds(away) vs Chicago Cubs(home),MLB,9 Inning Correct Score OF,,Home,Chicago Cubs 9-8,0.0,401.0,
229,Cincinnati Reds(away) vs Chicago Cubs(home),MLB,9 Inning Correct Score OF,,Home,Chicago Cubs 10-2,0.0,176.0,
230,Cincinnati Reds(away) vs Chicago Cubs(home),MLB,9 Inning Correct Score OF,,Home,Chicago Cubs 10-3,0.0,301.0,
231,Cincinnati Reds(away) vs Chicago Cubs(home),MLB,9 Inning Correct Score OF,,Home,Chicago Cubs 10-4,0.0,501.0,
232,Cincinnati Reds(away) vs Chicago Cubs(home),MLB,9 Inning Correct Score OF,,Home,Chicago Cubs 10-5,0.0,451.0,
233,Cincinnati Reds(away) vs Chicago Cubs(home),MLB,9 Inning Correct Score OF,,Home,Chicago Cubs 10-6,0.0,401.0,
234,Cincinnati Reds(away) vs Chicago Cubs(home),MLB,9 Inning Correct Score OF,,Home,Chicago Cubs 10-7,0.0,501.0,
235,Cincinnati Reds(away) vs Chicago Cubs(home),MLB,9 Inning Correct Score OF,,Home,Chicago Cubs 10-8,0.0,501.0,
236,Cincinnati Reds(away) vs Chicago Cubs(home),MLB,9 Inning Correct Score OF,,Home,Chicago Cubs 10-9,0.0,501.0,
237,Cincinnati Reds(away) vs Chicago Cubs(home),MLB,9 Inning Correct Score OF,,Away,Cincinnati Reds 4-3,0.0,12.0,
238,Cincinnati Reds(away) vs Chicago Cubs(home),MLB,9 Inning Correct Score OF,,Away,Cincinnati Reds 5-3,0.0,16.0,
239,Cincinnati Reds(away) vs Chicago Cubs(home),MLB,9 Inning Correct Score OF,,Away,Cincinnati Reds 5-4,0.0,26.0,
240,Cincinnati Reds(away) vs Chicago Cubs(home),MLB,9 Inning Correct Score OF,,Away,Cincinnati Reds 6-3,0.0,29.0,
241,Cincinnati Reds(away) vs Chicago Cubs(home),MLB,9 Inning Correct Score OF,,Away,Cincinnati Reds 6-4,0.0,31.0,
242,Cincinnati Reds(away) vs Chicago Cubs(home),MLB,9 Inning Correct Score OF,,Away,Cincinnati Reds 6-5,0.0,46.0,
243,Cincinnati Reds(away) vs Chicago Cubs(home),MLB,9 Inning Correct Score OF,,Away,Cincinnati Reds 7-3,0.0,46.0,
244,Cincinnati Reds(away) vs Chicago Cubs(home),MLB,9 Inning Correct Score OF,,Away,Cincinnati Reds 7-4,0.0,46.0,
245,Cincinnati Reds(away) vs Chicago Cubs(home),MLB,9 Inning Correct Score OF,,Away,Cincinnati Reds 7-5,0.0,91.0,
246,Cincinnati Reds(away) vs Chicago Cubs(home),MLB,9 Inning Correct Score OF,,Away,Cincinnati Reds 7-6,0.0,91.0,
247,Cincinnati Reds(away) vs Chicago Cubs(home),MLB,9 Inning Correct Score OF,,Away,Cincinnati Reds 8-3,0.0,81.0,
248,Cincinnati Reds(away) vs Chicago Cubs(home),MLB,9 Inning Correct Score OF,,Away,Cincinnati Reds 8-4,0.0,91.0,
249,Cincinnati Reds(away) vs Chicago Cubs(home),MLB,9 Inning Correct Score OF,,Away,Cincinnati Reds 8-5,0.0,126.0,
250,Cincinnati Reds(away) vs Chicago Cubs(home),MLB,9 Inning Correct Score OF,,Away,Cincinnati Reds 8-6,0.0,301.0,
251,Cincinnati Reds(away) vs Chicago Cubs(home),MLB,9 Inning Correct Score OF,,Away,Cincinnati Reds 8-7,0.0,351.0,
252,Cincinnati Reds(away) vs Chicago Cubs(home),MLB,9 Inning Correct Score OF,,Away,Cincinnati Reds 9-3,0.0,101.0,
253,Cincinnati Reds(away) vs Chicago Cubs(home),MLB,9 Inning Correct Score OF,,Away,Cincinnati Reds 9-4,0.0,201.0,
254,Cincinnati Reds(away) vs Chicago Cubs(home),MLB,9 Inning Correct Score OF,,Away,Cincinnati Reds 9-5,0.0,176.0,
255,Cincinnati Reds(away) vs Chicago Cubs(home),MLB,9 Inning Correct Score OF,,Away,Cincinnati Reds 9-6,0.0,301.0,
256,Cincinnati Reds(away) vs Chicago Cubs(home),MLB,9 Inning Correct Score OF,,Away,Cincinnati Reds 9-7,0.0,301.0,
257,Cincinnati Reds(away) vs Chicago Cubs(home),MLB,9 Inning Correct Score OF,,Away,Cincinnati Reds 9-8,0.0,451.0,
258,Cincinnati Reds(away) vs Chicago Cubs(home),MLB,9 Inning Correct Score OF,,Away,Cincinnati Reds 10-3,0.0,151.0,
259,Cincinnati Reds(away) vs Chicago Cubs(home),MLB,9 Inning Correct Score OF,,Away,Cincinnati Reds 10-4,0.0,201.0,
260,Cincinnati Reds(away) vs Chicago Cubs(home),MLB,9 Inning Correct Score OF,,Away,Cincinnati Reds 10-5,0.0,351.0,
261,Cincinnati Reds(away) vs Chicago Cubs(home),MLB,9 Inning Correct Score OF,,Away,Cincinnati Reds 10-7,0.0,401.0,
262,Cincinnati Reds(away) vs Chicago Cubs(home),MLB,9 Inning Correct Score OF,,Away,Cincinnati Reds 10-9,0.0,501.0,
263,Cincinnati Reds(away) vs Chicago Cubs(home),MLB,9 Inning Correct Score OF,,Neither,Draw 3-3,0.0,8.5,
264,Cincinnati Reds(away) vs Chicago Cubs(home),MLB,9 Inning Correct Score OF,,Neither,Draw 4-4,0.0,18.0,
265,Cincinnati Reds(away) vs Chicago Cubs(home),MLB,9 Inning Correct Score OF,,Neither,Draw 5-5,0.0,29.0,
266,Cincinnati Reds(away) vs Chicago Cubs(home),MLB,9 Inning Correct Score OF,,Neither,Draw 6-6,0.0,91.0,
267,Cincinnati Reds(away) vs Chicago Cubs(home),MLB,9 Inning Correct Score OF,,Neither,Draw 7-7,0.0,151.0,
268,Cincinnati Reds(away) vs Chicago Cubs(home),MLB,9 Inning Correct Score OF,,Neither,Draw 8-8,0.0,501.0,
269,Cincinnati Reds(away) vs Chicago Cubs(home),MLB,9 Inning Correct Score OF,,Neither,Draw 9-9,0.0,501.0,
270,Cincinnati Reds(away) vs Chicago Cubs(home),MLB,9 Inning Correct Score OF,,Neither,Draw 10-10,0.0,501.0,
271,Cincinnati Reds(away) vs Chicago Cubs(home),MLB,9 Inning Correct Score OF,,Neither,Any Other Score,0.0,36.0,
272,Cincinnati Reds(away) vs Chicago Cubs(home),MLB,Team With The Highest Scoring Inning OF,,Home,Chicago Cubs,0.0,7.0,
273,Cincinnati Reds(away) vs Chicago Cubs(home),MLB,Team With The Highest Scoring Inning OF,,Away,Cincinnati Reds,0.0,6.0,
274,Cincinnati Reds(away) vs Chicago Cubs(home),MLB,Team With The Highest Scoring Inning OF,,Neither,Draw,0.0,1.25,
275,Cincinnati Reds(away) vs Chicago Cubs(home),MLB,Highest Scoring Inning OF,,Neither,7th Inning,0.0,6.5,
276,Cincinnati Reds(away) vs Chicago Cubs(home),MLB,Highest Scoring Inning OF,,Neither,8th Inning,0.0,8.5,
277,Cincinnati Reds(away) vs Chicago Cubs(home),MLB,Highest Scoring Inning OF,,Neither,9th Inning,0.0,13.0,
278,Cincinnati Reds(away) vs Chicago Cubs(home),MLB,Highest Scoring Inning OF,,Neither,Draw,0.0,1.3077,
279,Cincinnati Reds(away) vs Chicago Cubs(home),MLB,Both Teams To Score 'X' Runs OF,,Neither,Yes,0.0,3.6,
280,Cincinnati Reds(away) vs Chicago Cubs(home),MLB,Both Teams To Score 'X' Runs OF,,Neither,No,0.0,1.2667,
281,Cincinnati Reds(away) vs Chicago Cubs(home),MLB,Both Teams To Score 'X' Runs OF,,Neither,Yes,0.0,15.0,
282,Cincinnati Reds(away) vs Chicago Cubs(home),MLB,Both Teams To Score 'X' Runs OF,,Neither,No,0.0,1.025,
283,Cincinnati Reds(away) vs Chicago Cubs(home),MLB,Both Teams To Score 'X' Runs OF,,Neither,Yes,0.0,8.0,
284,Cincinnati Reds(away) vs Chicago Cubs(home),MLB,Both Teams To Score 'X' Runs OF,,Neither,No,0.0,1.08,
285,Cincinnati Reds(away) vs Chicago Cubs(home),MLB,Both Teams To Score 'X' Runs OF,,Neither,Yes,0.0,36.0,
286,Cincinnati Reds(away) vs Chicago Cubs(home),MLB,Both Teams To Score 'X' Runs OF,,Neither,No,0.0,1.005,
287,Cincinnati Reds(away) vs Chicago Cubs(home),MLB,Both Teams To Score 'X' Runs OF,,Neither,Yes,0.0,1.7143,
288,Cincinnati Reds(away) vs Chicago Cubs(home),MLB,Both Teams To Score 'X' Runs OF,,Neither,No,0.0,2.05,
289,Cincinnati Reds(away) vs Chicago Cubs(home),MLB,Both Teams To Score 'X' Runs OF,,Neither,Yes,0.0,71.0,
290,Cincinnati Reds(away) vs Chicago Cubs(home),MLB,Both Teams To Score 'X' Runs OF,,Neither,Yes,0.0,151.0,
291,Cincinnati Reds(away) vs Chicago Cubs(home),MLB,Both Teams To Score 'X' Runs OF,,Neither,Yes,0.0,351.0,
292,Cincinnati Reds(away) vs Chicago Cubs(home),MLB,Both Teams To Score 'X' Runs OF,,Neither,Yes,0.0,501.0,
293,Cincinnati Reds(away) vs Chicago Cubs(home),MLB,Both Teams To Score 'X' Runs OF,,Neither,Yes,0.0,501.0,
294,Cincinnati Reds(away) vs Chicago Cubs(home),MLB,Inning 'X' - Winner OF,,Home,Chicago Cubs,0.0,4.1,
295,Cincinnati Reds(away) vs Chicago Cubs(home),MLB,Inning 'X' - Winner OF,,Away,Cincinnati Reds,0.0,4.3,
296,Cincinnati Reds(away) vs Chicago Cubs(home),MLB,Inning 'X' - Winner OF,,Neither,Draw,0.0,1.625,
297,Cincinnati Reds(away) vs Chicago Cubs(home),MLB,Inning 'X' - Winner OF,,Home,Chicago Cubs,0.0,3.5,
298,Cincinnati Reds(away) vs Chicago Cubs(home),MLB,Inning 'X' - Winner OF,,Away,Cincinnati Reds,0.0,4.5,
299,Cincinnati Reds(away) vs Chicago Cubs(home),MLB,Inning 'X' - Winner OF,,Neither,Draw,0.0,1.6667,
300,Cincinnati Reds(away) vs Chicago Cubs(home),MLB,Inning 'X' - A Run To Be Scored OF,,Neither,Yes,0.5,2.05,
301,Cincinnati Reds(away) vs Chicago Cubs(home),MLB,Inning 'X' - A Run To Be Scored OF,,Neither,No,0.5,1.7143,
302,Cincinnati Reds(away) vs Chicago Cubs(home),MLB,Inning 'X' - A Run To Be Scored OF,,Neither,Yes,0.5,2.05,
303,Cincinnati Reds(away) vs Chicago Cubs(home),MLB,Inning 'X' - A Run To Be Scored OF,,Neither,No,0.5,1.7143,
304,Cincinnati Reds(away) vs Chicago Cubs(home),MLB,Inning 'X' - Team A - A Run To Be Scored OF,,Home,Yes,0.5,3.3,
305,Cincinnati Reds(away) vs Chicago Cubs(home),MLB,Inning 'X' - Team A - A Run To Be Scored OF,,Home,No,0.5,1.3077,
306,Cincinnati Reds(away) vs Chicago Cubs(home),MLB,Inning 'X' - Team B - A Run To Be Scored OF,,Away,Yes,0.5,3.8,
307,Cincinnati Reds(away) vs Chicago Cubs(home),MLB,Inning 'X' - Team B - A Run To Be Scored OF,,Away,No,0.5,1.25,
308,Cincinnati Reds(away) vs Chicago Cubs(home),MLB,Inning 'X' - Team B - A Run To Be Scored OF,,Away,Yes,0.5,3.6,
309,Cincinnati Reds(away) vs Chicago Cubs(home),MLB,Inning 'X' - Team B - A Run To Be Scored OF,,Away,No,0.5,1.2667,
310,Cincinnati Reds(away) vs Chicago Cubs(home),MLB,Inning 'X' - Team A - A Run To Be Scored OF,,Home,Yes,0.5,3.3,
311,Cincinnati Reds(away) vs Chicago Cubs(home),MLB,Inning 'X' - Team A - A Run To Be Scored OF,,Home,No,0.5,1.3077,
312,Cincinnati Reds(away) vs Chicago Cubs(home),MLB,Inning 'X' - Total Runs OF,over,Neither,Over 1.5,1.5,3.4,
313,Cincinnati Reds(away) vs Chicago Cubs(home),MLB,Inning 'X' - Total Runs OF,under,Neither,Under 1.5,1.5,1.2858,
314,Cincinnati Reds(away) vs Chicago Cubs(home),MLB,Inning 'X' - Total Runs OF,over,Neither,Over 1.5,1.5,4.0,
315,Cincinnati Reds(away) vs Chicago Cubs(home),MLB,Inning 'X' - Total Runs OF,under,Neither,Under 1.5,1.5,1.2353,
316,Cincinnati Reds(away) vs Chicago Cubs(home),MLB,Inning 'X' - Run Line OF,,Home,Chicago Cubs -0.5,-0.5,3.5,
317,Cincinnati Reds(away) vs Chicago Cubs(home),MLB,Inning 'X' - Run Line OF,,Home,Chicago Cubs -1.5,-1.5,6.5,
318,Cincinnati Reds(away) vs Chicago Cubs(home),MLB,Inning 'X' - Run Line OF,,Away,Cincinnati Reds +0.5,0.5,1.2858,
319,Cincinnati Reds(away) vs Chicago Cubs(home),MLB,Inning 'X' - Run Line OF,,Away,Cincinnati Reds +1.5,1.5,1.1,
320,Cincinnati Reds(away) vs Chicago Cubs(home),MLB,Inning 'X' - Run Line OF,,Home,Chicago Cubs -0.5,-0.5,4.1,
321,Cincinnati Reds(away) vs Chicago Cubs(home),MLB,Inning 'X' - Run Line OF,,Home,Chicago Cubs -1.5,-1.5,8.0,
322,Cincinnati Reds(away) vs Chicago Cubs(home),MLB,Inning 'X' - Run Line OF,,Away,Cincinnati Reds +0.5,0.5,1.2223,
323,Cincinnati Reds(away) vs Chicago Cubs(home),MLB,Inning 'X' - Run Line OF,,Away,Cincinnati Reds +1.5,1.5,1.08,
324,Cincinnati Reds(away) vs Chicago Cubs(home),MLB,Inning 'X' - Total Runs Odd/Even OF,,Neither,Odd,0.0,3.1,
325,Cincinnati Reds(away) vs Chicago Cubs(home),MLB,Inning 'X' - Total Runs Odd/Even OF,,Neither,Even,0.0,1.3449,
326,Cincinnati Reds(away) vs Chicago Cubs(home),MLB,Inning 'X' - Total Runs Odd/Even OF,,Neither,Odd,0.0,3.3,
327,Cincinnati Reds(away) vs Chicago Cubs(home),MLB,Inning 'X' - Total Runs Odd/Even OF,,Neither,Even,0.0,1.3077,
328,Cincinnati Reds(away) vs Chicago Cubs(home),MLB,Inning 'X' - Correct Score OF,,Home,8th Inning Chicago Cubs 1-0,0.0,7.0,
329,Cincinnati Reds(away) vs Chicago Cubs(home),MLB,Inning 'X' - Correct Score OF,,Home,8th Inning Chicago Cubs 2-0,0.0,14.0,
330,Cincinnati Reds(away) vs Chicago Cubs(home),MLB,Inning 'X' - Correct Score OF,,Home,8th Inning Chicago Cubs 2-1,0.0,41.0,
331,Cincinnati Reds(away) vs Chicago Cubs(home),MLB,Inning 'X' - Correct Score OF,,Home,8th Inning Chicago Cubs 3-0,0.0,23.0,
332,Cincinnati Reds(away) vs Chicago Cubs(home),MLB,Inning 'X' - Correct Score OF,,Home,8th Inning Chicago Cubs 3-1,0.0,101.0,
333,Cincinnati Reds(away) vs Chicago Cubs(home),MLB,Inning 'X' - Correct Score OF,,Home,8th Inning Chicago Cubs 3-2,0.0,201.0,
334,Cincinnati Reds(away) vs Chicago Cubs(home),MLB,Inning 'X' - Correct Score OF,,Home,8th Inning Chicago Cubs 4-0,0.0,41.0,
335,Cincinnati Reds(away) vs Chicago Cubs(home),MLB,Inning 'X' - Correct Score OF,,Home,8th Inning Chicago Cubs 4-1,0.0,126.0,
336,Cincinnati Reds(away) vs Chicago Cubs(home),MLB,Inning 'X' - Correct Score OF,,Home,8th Inning Chicago Cubs 4-2,0.0,301.0,
337,Cincinnati Reds(away) vs Chicago Cubs(home),MLB,Inning 'X' - Correct Score OF,,Home,8th Inning Chicago Cubs 4-3,0.0,401.0,
338,Cincinnati Reds(away) vs Chicago Cubs(home),MLB,Inning 'X' - Correct Score OF,,Away,8th Inning Cincinnati Reds 1-0,0.0,7.0,
339,Cincinnati Reds(away) vs Chicago Cubs(home),MLB,Inning 'X' - Correct Score OF,,Away,8th Inning Cincinnati Reds 2-0,0.0,15.0,
340,Cincinnati Reds(away) vs Chicago Cubs(home),MLB,Inning 'X' - Correct Score OF,,Away,8th Inning Cincinnati Reds 2-1,0.0,46.0,
341,Cincinnati Reds(away) vs Chicago Cubs(home),MLB,Inning 'X' - Correct Score OF,,Away,8th Inning Cincinnati Reds 3-0,0.0,29.0,
342,Cincinnati Reds(away) vs Chicago Cubs(home),MLB,Inning 'X' - Correct Score OF,,Away,8th Inning Cincinnati Reds 3-1,0.0,81.0,
343,Cincinnati Reds(away) vs Chicago Cubs(home),MLB,Inning 'X' - Correct Score OF,,Away,8th Inning Cincinnati Reds 3-2,0.0,301.0,
344,Cincinnati Reds(away) vs Chicago Cubs(home),MLB,Inning 'X' - Correct Score OF,,Away,8th Inning Cincinnati Reds 4-0,0.0,46.0,
345,Cincinnati Reds(away) vs Chicago Cubs(home),MLB,Inning 'X' - Correct Score OF,,Away,8th Inning Cincinnati Reds 4-1,0.0,151.0,
346,Cincinnati Reds(away) vs Chicago Cubs(home),MLB,Inning 'X' - Correct Score OF,,Away,8th Inning Cincinnati Reds 4-2,0.0,201.0,
347,Cincinnati Reds(away) vs Chicago Cubs(home),MLB,Inning 'X' - Correct Score OF,,Away,8th Inning Cincinnati Reds 4-3,0.0,501.0,
348,Cincinnati Reds(away) vs Chicago Cubs(home),MLB,Inning 'X' - Correct Score OF,,Neither,8th Inning Draw 0-0,0.0,1.7143,
349,Cincinnati Reds(away) vs Chicago Cubs(home),MLB,Inning 'X' - Correct Score OF,,Neither,8th Inning Draw 1-1,0.0,26.0,
350,Cincinnati Reds(away) vs Chicago Cubs(home),MLB,Inning 'X' - Correct Score OF,,Neither,8th Inning Draw 2-2,0.0,101.0,
351,Cincinnati Reds(away) vs Chicago Cubs(home),MLB,Inning 'X' - Correct Score OF,,Neither,8th Inning Draw 3-3,0.0,351.0,
352,Cincinnati Reds(away) vs Chicago Cubs(home),MLB,Inning 'X' - Correct Score OF,,Neither,Any Other Score,0.0,21.0,
353,Cincinnati Reds(away) vs Chicago Cubs(home),MLB,Inning 'X' - Correct Score OF,,Home,7th Inning Chicago Cubs 1-0,0.0,8.0,
354,Cincinnati Reds(away) vs Chicago Cubs(home),MLB,Inning 'X' - Correct Score OF,,Home,7th Inning Chicago Cubs 2-0,0.0,11.0,
355,Cincinnati Reds(away) vs Chicago Cubs(home),MLB,Inning 'X' - Correct Score OF,,Home,7th Inning Chicago Cubs 2-1,0.0,41.0,
356,Cincinnati Reds(away) vs Chicago Cubs(home),MLB,Inning 'X' - Correct Score OF,,Home,7th Inning Chicago Cubs 3-0,0.0,23.0,
357,Cincinnati Reds(away) vs Chicago Cubs(home),MLB,Inning 'X' - Correct Score OF,,Home,7th Inning Chicago Cubs 3-1,0.0,91.0,
358,Cincinnati Reds(away) vs Chicago Cubs(home),MLB,Inning 'X' - Correct Score OF,,Home,7th Inning Chicago Cubs 3-2,0.0,126.0,
359,Cincinnati Reds(away) vs Chicago Cubs(home),MLB,Inning 'X' - Correct Score OF,,Home,7th Inning Chicago Cubs 4-0,0.0,36.0,
360,Cincinnati Reds(away) vs Chicago Cubs(home),MLB,Inning 'X' - Correct Score OF,,Home,7th Inning Chicago Cubs 4-1,0.0,126.0,
361,Cincinnati Reds(away) vs Chicago Cubs(home),MLB,Inning 'X' - Correct Score OF,,Home,7th Inning Chicago Cubs 4-2,0.0,301.0,
362,Cincinnati Reds(away) vs Chicago Cubs(home),MLB,Inning 'X' - Correct Score OF,,Home,7th Inning Chicago Cubs 4-3,0.0,301.0,
363,Cincinnati Reds(away) vs Chicago Cubs(home),MLB,Inning 'X' - Correct Score OF,,Away,7th Inning Cincinnati Reds 1-0,0.0,8.5,
364,Cincinnati Reds(away) vs Chicago Cubs(home),MLB,Inning 'X' - Correct Score OF,,Away,7th Inning Cincinnati Reds 2-0,0.0,14.0,
365,Cincinnati Reds(away) vs Chicago Cubs(home),MLB,Inning 'X' - Correct Score OF,,Away,7th Inning Cincinnati Reds 2-1,0.0,41.0,
366,Cincinnati Reds(away) vs Chicago Cubs(home),MLB,Inning 'X' - Correct Score OF,,Away,7th Inning Cincinnati Reds 3-0,0.0,26.0,
367,Cincinnati Reds(away) vs Chicago Cubs(home),MLB,Inning 'X' - Correct Score OF,,Away,7th Inning Cincinnati Reds 3-1,0.0,81.0,
368,Cincinnati Reds(away) vs Chicago Cubs(home),MLB,Inning 'X' - Correct Score OF,,Away,7th Inning Cincinnati Reds 3-2,0.0,101.0,
369,Cincinnati Reds(away) vs Chicago Cubs(home),MLB,Inning 'X' - Correct Score OF,,Away,7th Inning Cincinnati Reds 4-0,0.0,41.0,
370,Cincinnati Reds(away) vs Chicago Cubs(home),MLB,Inning 'X' - Correct Score OF,,Away,7th Inning Cincinnati Reds 4-1,0.0,176.0,
371,Cincinnati Reds(away) vs Chicago Cubs(home),MLB,Inning 'X' - Correct Score OF,,Away,7th Inning Cincinnati Reds 4-2,0.0,451.0,
372,Cincinnati Reds(away) vs Chicago Cubs(home),MLB,Inning 'X' - Correct Score OF,,Away,7th Inning Cincinnati Reds 4-3,0.0,501.0,
373,Cincinnati Reds(away) vs Chicago Cubs(home),MLB,Inning 'X' - Correct Score OF,,Neither,7th Inning Draw 0-0,0.0,1.7143,
374,Cincinnati Reds(away) vs Chicago Cubs(home),MLB,Inning 'X' - Correct Score OF,,Neither,7th Inning Draw 1-1,0.0,26.0,
375,Cincinnati Reds(away) vs Chicago Cubs(home),MLB,Inning 'X' - Correct Score OF,,Neither,7th Inning Draw 2-2,0.0,51.0,
376,Cincinnati Reds(away) vs Chicago Cubs(home),MLB,Inning 'X' - Correct Score OF,,Neither,7th Inning Draw 3-3,0.0,301.0,
377,Cincinnati Reds(away) vs Chicago Cubs(home),MLB,Inning 'X' - Correct Score OF,,Neither,Any Other Score,0.0,23.0,
378,Cincinnati Reds(away) vs Chicago Cubs(home),MLB,Player To Reach Base OF,,Away,Yes,0.5,2.7,
379,Cincinnati Reds(away) vs Chicago Cubs(home),MLB,Player To Reach Base OF,,Away,No,0.5,1.4,
380,Cincinnati Reds(away) vs Chicago Cubs(home),MLB,Player To Reach Base OF,,Away,Yes,0.5,3.1,
381,Cincinnati Reds(away) vs Chicago Cubs(home),MLB,Player To Reach Base OF,,Away,No,0.5,1.3077,
382,Cincinnati Reds(away) vs Chicago Cubs(home),MLB,AWAYTEAM Alternate Total Runs,over,Away,Over 3.5,3.5,2.3,
383,Cincinnati Reds(away) vs Chicago Cubs(home),MLB,AWAYTEAM Alternate Total Runs,under,Away,Under 3.5,3.5,1.5883,
384,Cincinnati Reds(away) vs Chicago Cubs(home),MLB,AWAYTEAM Alternate Total Runs,over,Away,Over 4.5,4.5,3.6,
385,Cincinnati Reds(away) vs Chicago Cubs(home),MLB,AWAYTEAM Alternate Total Runs,under,Away,Under 4.5,4.5,1.2858,
386,Cincinnati Reds(away) vs Chicago Cubs(home),MLB,HOMETEAM Alternate Total Runs,over,Home,Over 4.5,4.5,2.6,
387,Cincinnati Reds(away) vs Chicago Cubs(home),MLB,HOMETEAM Alternate Total Runs,under,Home,Under 4.5,4.5,1.4762,
388,Cincinnati Reds(away) vs Chicago Cubs(home),MLB,HOMETEAM Alternate Total Runs,over,Home,Over 5.5,5.5,4.5,
389,Cincinnati Reds(away) vs Chicago Cubs(home),MLB,HOMETEAM Alternate Total Runs,under,Home,Under 5.5,5.5,1.1819,
390,Cincinnati Reds(away) vs Chicago Cubs(home),MLB,Number Of Pitches Thrown By Pitcher Against Batter OF,over,Home,D. Smyly Over 2.5,2.5,1.16,
391,Cincinnati Reds(away) vs Chicago Cubs(home),MLB,Number Of Pitches Thrown By Pitcher Against Batter OF,under,Home,D. Smyly Under 2.5,2.5,5.0,
392,Cincinnati Reds(away) vs Chicago Cubs(home),MLB,Number Of Pitches Thrown By Pitcher Against Batter OF,over,Home,D. Smyly Over 3.5,3.5,1.4,
393,Cincinnati Reds(away) vs Chicago Cubs(home),MLB,Number Of Pitches Thrown By Pitcher Against Batter OF,under,Home,D. Smyly Under 3.5,3.5,2.85,
394,Cincinnati Reds(away) vs Chicago Cubs(home),MLB,Number Of Pitches Thrown By Pitcher Against Batter OF,over,Home,D. Smyly Over 4.5,4.5,1.9091,
395,Cincinnati Reds(away) vs Chicago Cubs(home),MLB,Number Of Pitches Thrown By Pitcher Against Batter OF,under,Home,D. Smyly Under 4.5,4.5,1.8334,
396,Cincinnati Reds(away) vs Chicago Cubs(home),MLB,Number Of Pitches Thrown By Pitcher Against Batter OF,over,Home,D. Smyly Over 5.5,5.5,2.85,
397,Cincinnati Reds(away) vs Chicago Cubs(home),MLB,Number Of Pitches Thrown By Pitcher Against Batter OF,under,Home,D. Smyly Under 5.5,5.5,1.4,
398,Cincinnati Reds(away) vs Chicago Cubs(home),MLB,Number Of Pitches Thrown By Pitcher Against Batter OF,over,Home,D. Smyly Over 2.5,2.5,1.2353,
399,Cincinnati Reds(away) vs Chicago Cubs(home),MLB,Number Of Pitches Thrown By Pitcher Against Batter OF,under,Home,D. Smyly Under 2.5,2.5,4.0,
400,Cincinnati Reds(away) vs Chicago Cubs(home),MLB,Number Of Pitches Thrown By Pitcher Against Batter OF,over,Home,D. Smyly Over 3.5,3.5,1.5556,
401,Cincinnati Reds(away) vs Chicago Cubs(home),MLB,Number Of Pitches Thrown By Pitcher Against Batter OF,under,Home,D. Smyly Under 3.5,3.5,2.4,
402,Cincinnati Reds(away) vs Chicago Cubs(home),MLB,Number Of Pitches Thrown By Pitcher Against Batter OF,over,Home,D. Smyly Over 4.5,4.5,2.15,
403,Cincinnati Reds(away) vs Chicago Cubs(home),MLB,Number Of Pitches Thrown By Pitcher Against Batter OF,under,Home,D. Smyly Under 4.5,4.5,1.6667,
404,Cincinnati Reds(away) vs Chicago Cubs(home),MLB,Number Of Pitches Thrown By Pitcher Against Batter OF,over,Home,D. Smyly Over 5.5,5.5,3.3,
405,Cincinnati Reds(away) vs Chicago Cubs(home),MLB,Number Of Pitches Thrown By Pitcher Against Batter OF,under,Home,D. Smyly Under 5.5,5.5,1.3077,
406,Cincinnati Reds(away) vs Chicago Cubs(home),MLB,Player Hit Type OF,,Away,Reach Base (Excl. Double/Triple/Hr),0.0,3.25,
407,Cincinnati Reds(away) vs Chicago Cubs(home),MLB,Player Hit Type OF,,Away,Double,0.0,12.0,
408,Cincinnati Reds(away) vs Chicago Cubs(home),MLB,Player Hit Type OF,,Away,Triple,0.0,29.0,
409,Cincinnati Reds(away) vs Chicago Cubs(home),MLB,Player Hit Type OF,,Away,Home Run,0.0,12.0,
410,Cincinnati Reds(away) vs Chicago Cubs(home),MLB,Player Hit Type OF,,Away,Out,0.0,1.3637,
411,Cincinnati Reds(away) vs Chicago Cubs(home),MLB,Player Hit Type OF,,Away,Reach Base (Excl. Double/Triple/Hr),0.0,3.6,
412,Cincinnati Reds(away) vs Chicago Cubs(home),MLB,Player Hit Type OF,,Away,Double,0.0,16.0,
413,Cincinnati Reds(away) vs Chicago Cubs(home),MLB,Player Hit Type OF,,Away,Home Run,0.0,21.0,
414,Cincinnati Reds(away) vs Chicago Cubs(home),MLB,Player Hit Type OF,,Away,Out,0.0,1.2858,
